pm_name,fotmob_team_id,fotmob_name,evidence_url
1. FC Köln,8722,1. FC Köln,https://www.fotmob.com/api/data/leagues?id=54
AC Monza,6504,Monza,https://www.fotmob.com/api/data/leagues?id=55
ACF Fiorentina,8535,Fiorentina,https://www.fotmob.com/api/data/leagues?id=55
AEK,8563,AEK Athens,https://www.fotmob.com/api/data/leagues?id=42
AFC Bournemouth,8678,AFC Bournemouth,https://www.fotmob.com/api/data/leagues?id=47
Afghanistan,95796,Afghanistan,https://www.fotmob.com/api/data/leagues?id=114
AJ Auxerre,8583,Auxerre,https://www.fotmob.com/api/data/leagues?id=53
Albania,10024,Albania,https://www.fotmob.com/api/data/leagues?id=114
Algeria,6317,Algeria,https://www.fotmob.com/api/data/leagues?id=114
American Samoa,287879,American Samoa,https://www.fotmob.com/api/data/leagues?id=114
Andorra,10045,Andorra,https://www.fotmob.com/api/data/leagues?id=114
Angers SCO,8121,Angers,https://www.fotmob.com/api/data/leagues?id=53
Angola,6712,Angola,https://www.fotmob.com/api/data/leagues?id=114
Anguilla,262132,Anguilla,https://www.fotmob.com/api/data/leagues?id=114
Argentina,6706,Argentina,https://www.fotmob.com/api/data/leagues?id=114
Armenia,6583,Armenia,https://www.fotmob.com/api/data/leagues?id=114
Arsenal FC,9825,Arsenal,https://www.fotmob.com/api/data/leagues?id=47
Aruba,262131,Aruba,https://www.fotmob.com/api/data/leagues?id=114
AS Omónoia Leukosías,8044,Omonia Nicosia,https://www.fotmob.com/api/data/leagues?id=73
Associação Chapecoense de Futebol,197693,Chapecoense,https://www.fotmob.com/api/data/leagues?id=268
Aston Villa FC,10252,Aston Villa,https://www.fotmob.com/api/data/leagues?id=47
Atalanta BC,8524,Atalanta,https://www.fotmob.com/api/data/leagues?id=55
Athletic Club,8315,Athletic Club,https://www.fotmob.com/api/data/leagues?id=87
Atlanta United FC,773958,Atlanta United,https://www.fotmob.com/api/data/leagues?id=130
Austin FC,1218886,Austin FC,https://www.fotmob.com/api/data/leagues?id=130
Australia,6716,Australia,https://www.fotmob.com/api/data/leagues?id=114
Austria,8255,Austria,https://www.fotmob.com/api/data/leagues?id=114
AZ,10229,AZ Alkmaar,https://www.fotmob.com/api/data/leagues?id=73
Azerbaijan,8566,Azerbaijan,https://www.fotmob.com/api/data/leagues?id=114
Bahamas,73596,Bahamas,https://www.fotmob.com/api/data/leagues?id=114
Bahrain,5901,Bahrain,https://www.fotmob.com/api/data/leagues?id=114
Bangladesh,95797,Bangladesh,https://www.fotmob.com/api/data/leagues?id=114
Barbados,5886,Barbados,https://www.fotmob.com/api/data/leagues?id=114
Belarus,10057,Belarus,https://www.fotmob.com/api/data/leagues?id=114
Belgium,8263,Belgium,https://www.fotmob.com/api/data/leagues?id=114
Belize,127409,Belize,https://www.fotmob.com/api/data/leagues?id=114
Benin,5883,Benin,https://www.fotmob.com/api/data/leagues?id=114
Bermuda,5943,Bermuda,https://www.fotmob.com/api/data/leagues?id=114
Bhutan,95800,Bhutan,https://www.fotmob.com/api/data/leagues?id=114
Bolivia,5797,Bolivia,https://www.fotmob.com/api/data/leagues?id=114
Bologna FC 1909,9857,Bologna,https://www.fotmob.com/api/data/leagues?id=55
Bonaire,929188,Bonaire,https://www.fotmob.com/api/data/leagues?id=114
Borussia Mönchengladbach,9788,Borussia Mönchengladbach,https://www.fotmob.com/api/data/leagues?id=54
Bosnia and Herzegovina,10106,Bosnia and Herzegovina,https://www.fotmob.com/api/data/leagues?id=114
Botafogo FR,8517,Botafogo,https://www.fotmob.com/api/data/leagues?id=268
Botswana,5887,Botswana,https://www.fotmob.com/api/data/leagues?id=114
Brazil,8256,Brazil,https://www.fotmob.com/api/data/leagues?id=114
Brentford FC,9937,Brentford,https://www.fotmob.com/api/data/leagues?id=47
Brighton & Hove Albion FC,10204,Brighton & Hove Albion,https://www.fotmob.com/api/data/leagues?id=47
British Virgin Islands,262135,British Virgin Islands,https://www.fotmob.com/api/data/leagues?id=114
Bulgaria,10150,Bulgaria,https://www.fotmob.com/api/data/leagues?id=114
Burkina Faso,6323,Burkina Faso,https://www.fotmob.com/api/data/leagues?id=114
Burundi,121284,Burundi,https://www.fotmob.com/api/data/leagues?id=114
BV Borussia 09 Dortmund,9789,Borussia Dortmund,https://www.fotmob.com/api/data/leagues?id=54
CA Osasuna,8371,Osasuna,https://www.fotmob.com/api/data/leagues?id=87
Cagliari Calcio,8529,Cagliari,https://www.fotmob.com/api/data/leagues?id=55
Cambodia,6332,Cambodia,https://www.fotmob.com/api/data/leagues?id=114
Cameroon,6629,Cameroon,https://www.fotmob.com/api/data/leagues?id=114
Canada,5810,Canada,https://www.fotmob.com/api/data/leagues?id=114
Cayman Islands,287982,Cayman Islands,https://www.fotmob.com/api/data/leagues?id=114
Celtic FC,9925,Celtic,https://www.fotmob.com/api/data/leagues?id=73
Central African Republic,230693,Central African Republic,https://www.fotmob.com/api/data/leagues?id=114
CF América,6576,CF América,https://www.fotmob.com/api/data/leagues?id=230
CF Cruz Azul,6578,Cruz Azul,https://www.fotmob.com/api/data/leagues?id=230
CF Montréal,161195,CF Montréal,https://www.fotmob.com/api/data/leagues?id=130
Charlotte FC,1323940,Charlotte FC,https://www.fotmob.com/api/data/leagues?id=130
Chelsea FC,8455,Chelsea,https://www.fotmob.com/api/data/leagues?id=47
Chicago Fire FC,6397,Chicago Fire FC,https://www.fotmob.com/api/data/leagues?id=130
Chile,9762,Chile,https://www.fotmob.com/api/data/leagues?id=114
China PR,5822,China,https://www.fotmob.com/api/data/leagues?id=114
Club Atlético de Madrid,9906,Atlético Madrid,https://www.fotmob.com/api/data/leagues?id=87
Club Santos Laguna,7857,Santos Laguna,https://www.fotmob.com/api/data/leagues?id=230
Clube do Remo,1626,Remo,https://www.fotmob.com/api/data/leagues?id=268
Colombia,8258,Colombia,https://www.fotmob.com/api/data/leagues?id=114
Colorado Rapids SC,8314,Colorado Rapids,https://www.fotmob.com/api/data/leagues?id=130
Columbus Crew,6001,Columbus Crew,https://www.fotmob.com/api/data/leagues?id=130
Como 1907,10171,Como,https://www.fotmob.com/api/data/leagues?id=55
Comoros,230692,Comoros,https://www.fotmob.com/api/data/leagues?id=114
Cook Islands,287880,Cook Islands,https://www.fotmob.com/api/data/leagues?id=114
Coritiba FBC,9767,Coritiba,https://www.fotmob.com/api/data/leagues?id=268
Costa Rica,6705,Costa Rica,https://www.fotmob.com/api/data/leagues?id=114
Coventry City FC,8669,Coventry City,https://www.fotmob.com/api/data/leagues?id=47
CR Flamengo,9770,Flamengo,https://www.fotmob.com/api/data/leagues?id=268
CR Vasco da Gama,10276,Vasco da Gama,https://www.fotmob.com/api/data/leagues?id=268
Croatia,10155,Croatia,https://www.fotmob.com/api/data/leagues?id=114
Cruzeiro EC,9781,Cruzeiro,https://www.fotmob.com/api/data/leagues?id=268
Crystal Palace FC,9826,Crystal Palace,https://www.fotmob.com/api/data/leagues?id=47
Cuba,5857,Cuba,https://www.fotmob.com/api/data/leagues?id=114
Curaçao,287981,Curacao,https://www.fotmob.com/api/data/leagues?id=114
Cyprus,5793,Cyprus,https://www.fotmob.com/api/data/leagues?id=114
Czechia,8496,Czechia,https://www.fotmob.com/api/data/leagues?id=114
D.C. United SC,6602,DC United,https://www.fotmob.com/api/data/leagues?id=130
Denmark,8238,Denmark,https://www.fotmob.com/api/data/leagues?id=114
Deportivo Alavés,9866,Deportivo Alavés,https://www.fotmob.com/api/data/leagues?id=87
Djibouti,121285,Djibouti,https://www.fotmob.com/api/data/leagues?id=114
Dominica,287980,Dominica,https://www.fotmob.com/api/data/leagues?id=114
Dominican Republic,262134,Dominican Republic,https://www.fotmob.com/api/data/leagues?id=114
DR Congo,6321,DR Congo,https://www.fotmob.com/api/data/leagues?id=114
EC Bahia,7877,Bahia,https://www.fotmob.com/api/data/leagues?id=268
EC Vitória,7733,Vitória,https://www.fotmob.com/api/data/leagues?id=268
Ecuador,6707,Ecuador,https://www.fotmob.com/api/data/leagues?id=114
Egypt,10255,Egypt,https://www.fotmob.com/api/data/leagues?id=114
Eintracht Frankfurt,9810,Eintracht Frankfurt,https://www.fotmob.com/api/data/leagues?id=54
El Salvador,6327,El Salvador,https://www.fotmob.com/api/data/leagues?id=114
Elche CF,10268,Elche,https://www.fotmob.com/api/data/leagues?id=87
England,8491,England,https://www.fotmob.com/api/data/leagues?id=114
Equatorial Guinea,8323,Equatorial Guinea,https://www.fotmob.com/api/data/leagues?id=114
ES Troyes AC,10242,Troyes,https://www.fotmob.com/api/data/leagues?id=53
Estonia,8261,Estonia,https://www.fotmob.com/api/data/leagues?id=114
Ethiopia,121282,Ethiopia,https://www.fotmob.com/api/data/leagues?id=114
Everton FC,8668,Everton,https://www.fotmob.com/api/data/leagues?id=47
Faroe Islands,8269,Faroe Islands,https://www.fotmob.com/api/data/leagues?id=114
FC Cincinnati,722265,FC Cincinnati,https://www.fotmob.com/api/data/leagues?id=130
FC Dallas,6399,FC Dallas,https://www.fotmob.com/api/data/leagues?id=130
FC Internazionale Milano,8636,Inter,https://www.fotmob.com/api/data/leagues?id=55
FC Juárez,649424,FC Juárez,https://www.fotmob.com/api/data/leagues?id=230
FC Lorient,8689,Lorient,https://www.fotmob.com/api/data/leagues?id=53
FC Porto,9773,FC Porto,https://www.fotmob.com/api/data/leagues?id=42
Fenerbahçe SK,8695,Fenerbahçe,https://www.fotmob.com/api/data/leagues?id=42
Feyenoord Rotterdam,10235,Feyenoord,https://www.fotmob.com/api/data/leagues?id=42
Fiji,5925,Fiji,https://www.fotmob.com/api/data/leagues?id=114
Finland,7871,Finland,https://www.fotmob.com/api/data/leagues?id=114
FK Bodø/Glimt,8402,Bodø/Glimt,https://www.fotmob.com/api/data/leagues?id=42
FK Shakhtar Donetsk,9728,Shakhtar Donetsk,https://www.fotmob.com/api/data/leagues?id=42
Fluminense FC,9863,Fluminense,https://www.fotmob.com/api/data/leagues?id=268
France,6723,France,https://www.fotmob.com/api/data/leagues?id=114
Frosinone Calcio,9891,Frosinone,https://www.fotmob.com/api/data/leagues?id=55
Fulham FC,9879,Fulham,https://www.fotmob.com/api/data/leagues?id=47
Gabon,5889,Gabon,https://www.fotmob.com/api/data/leagues?id=114
Galatasaray SK,8637,Galatasaray,https://www.fotmob.com/api/data/leagues?id=42
Gambia,5979,Gambia,https://www.fotmob.com/api/data/leagues?id=114
Genoa CFC,10233,Genoa,https://www.fotmob.com/api/data/leagues?id=55
Georgia,8268,Georgia,https://www.fotmob.com/api/data/leagues?id=114
Germany,8570,Germany,https://www.fotmob.com/api/data/leagues?id=114
Getafe CF,8305,Getafe,https://www.fotmob.com/api/data/leagues?id=87
Ghana,6714,Ghana,https://www.fotmob.com/api/data/leagues?id=114
Gibraltar,507764,Gibraltar,https://www.fotmob.com/api/data/leagues?id=114
Greece,6383,Greece,https://www.fotmob.com/api/data/leagues?id=114
Grenada,6548,Grenada,https://www.fotmob.com/api/data/leagues?id=114
Grêmio FBPA,9769,Grêmio,https://www.fotmob.com/api/data/leagues?id=268
Guam,95798,Guam,https://www.fotmob.com/api/data/leagues?id=114
Guatemala,5858,Guatemala,https://www.fotmob.com/api/data/leagues?id=114
Guinea,6289,Guinea,https://www.fotmob.com/api/data/leagues?id=114
Guinea-Bissau,230700,Guinea-Bissau,https://www.fotmob.com/api/data/leagues?id=114
Guyana,6222,Guyana,https://www.fotmob.com/api/data/leagues?id=114
Haiti,5934,Haiti,https://www.fotmob.com/api/data/leagues?id=114
Hamburger SV,9790,Hamburger SV,https://www.fotmob.com/api/data/leagues?id=54
Honduras,5808,Honduras,https://www.fotmob.com/api/data/leagues?id=114
Hong Kong SAR,6322,Hong Kong,https://www.fotmob.com/api/data/leagues?id=114
Hull City AFC,8667,Hull City,https://www.fotmob.com/api/data/leagues?id=47
Hungary,8565,Hungary,https://www.fotmob.com/api/data/leagues?id=114
Iceland,8536,Iceland,https://www.fotmob.com/api/data/leagues?id=114
India,6329,India,https://www.fotmob.com/api/data/leagues?id=114
Indonesia,6324,Indonesia,https://www.fotmob.com/api/data/leagues?id=114
Inter Miami CF,960720,Inter Miami CF,https://www.fotmob.com/api/data/leagues?id=130
Ipswich Town FC,9902,Ipswich Town,https://www.fotmob.com/api/data/leagues?id=47
IR Iran,6711,Iran,https://www.fotmob.com/api/data/leagues?id=114
Iraq,5819,Iraq,https://www.fotmob.com/api/data/leagues?id=114
Israel,8567,Israel,https://www.fotmob.com/api/data/leagues?id=114
Italy,8204,Italy,https://www.fotmob.com/api/data/leagues?id=114
Jagiellonia Białystok,1957,Jagiellonia Białystok,https://www.fotmob.com/api/data/leagues?id=73
Jamaica,5806,Jamaica,https://www.fotmob.com/api/data/leagues?id=114
Japan,6715,Japan,https://www.fotmob.com/api/data/leagues?id=114
Jordan,5816,Jordan,https://www.fotmob.com/api/data/leagues?id=114
Juventus FC,9885,Juventus,https://www.fotmob.com/api/data/leagues?id=55
Kazakhstan,8265,Kazakhstan,https://www.fotmob.com/api/data/leagues?id=114
Kenya,5884,Kenya,https://www.fotmob.com/api/data/leagues?id=114
KKS Lech Poznań,2182,Lech Poznań,https://www.fotmob.com/api/data/leagues?id=73
Korea Republic,7804,South Korea,https://www.fotmob.com/api/data/leagues?id=114
Kosovo,430156,Kosovo,https://www.fotmob.com/api/data/leagues?id=114
Kuwait,5821,Kuwait,https://www.fotmob.com/api/data/leagues?id=114
Kyrgyz Republic,5893,Kyrgyzstan,https://www.fotmob.com/api/data/leagues?id=114
LASK Linz,9977,LASK,https://www.fotmob.com/api/data/leagues?id=42
Latvia,5795,Latvia,https://www.fotmob.com/api/data/leagues?id=114
Le Havre AC,9746,Le Havre,https://www.fotmob.com/api/data/leagues?id=53
Le Mans FC,8682,Le Mans,https://www.fotmob.com/api/data/leagues?id=53
Lebanon,5897,Lebanon,https://www.fotmob.com/api/data/leagues?id=114
Leeds United FC,8463,Leeds United,https://www.fotmob.com/api/data/leagues?id=47
Lesotho,4167,Lesotho,https://www.fotmob.com/api/data/leagues?id=114
Liberia,5804,Liberia,https://www.fotmob.com/api/data/leagues?id=114
Libya,6328,Libya,https://www.fotmob.com/api/data/leagues?id=114
Liechtenstein,5799,Liechtenstein,https://www.fotmob.com/api/data/leagues?id=114
Lille OSC,8639,Lille,https://www.fotmob.com/api/data/leagues?id=53
Lithuania,8254,Lithuania,https://www.fotmob.com/api/data/leagues?id=114
Los Angeles FC,867280,Los Angeles FC,https://www.fotmob.com/api/data/leagues?id=130
Los Angeles Galaxy,6637,LA Galaxy,https://www.fotmob.com/api/data/leagues?id=130
Luxembourg,5792,Luxembourg,https://www.fotmob.com/api/data/leagues?id=114
Madagascar,5809,Madagascar,https://www.fotmob.com/api/data/leagues?id=114
Malawi,6020,Malawi,https://www.fotmob.com/api/data/leagues?id=114
Maldives,5899,Maldives,https://www.fotmob.com/api/data/leagues?id=114
Mali,5815,Mali,https://www.fotmob.com/api/data/leagues?id=114
Malta,8495,Malta,https://www.fotmob.com/api/data/leagues?id=114
Manchester City FC,8456,Manchester City,https://www.fotmob.com/api/data/leagues?id=47
Manchester United FC,10260,Manchester United,https://www.fotmob.com/api/data/leagues?id=47
Martinique,5859,Martinique,https://www.fotmob.com/api/data/leagues?id=114
Mauritania,68374,Mauritania,https://www.fotmob.com/api/data/leagues?id=114
Mauritius,5750,Mauritius,https://www.fotmob.com/api/data/leagues?id=114
Mexico,6710,Mexico,https://www.fotmob.com/api/data/leagues?id=114
MH Hapoel Be'er Sheva,9754,Hapoel Beer Sheva,https://www.fotmob.com/api/data/leagues?id=73
Minnesota United FC,207242,Minnesota United,https://www.fotmob.com/api/data/leagues?id=130
Mirassol FC,163782,Mirassol,https://www.fotmob.com/api/data/leagues?id=268
Moldova,5794,Moldova,https://www.fotmob.com/api/data/leagues?id=114
Mongolia,95971,Mongolia,https://www.fotmob.com/api/data/leagues?id=114
Montenegro,49437,Montenegro,https://www.fotmob.com/api/data/leagues?id=114
Morocco,6262,Morocco,https://www.fotmob.com/api/data/leagues?id=114
Mozambique,5965,Mozambique,https://www.fotmob.com/api/data/leagues?id=114
Myanmar,8307,Myanmar,https://www.fotmob.com/api/data/leagues?id=114
Namibia,5802,Namibia,https://www.fotmob.com/api/data/leagues?id=114
Nashville SC,915807,Nashville SC,https://www.fotmob.com/api/data/leagues?id=130
NEC,8464,NEC Nijmegen,https://www.fotmob.com/api/data/leagues?id=73
Netherlands,6708,Netherlands,https://www.fotmob.com/api/data/leagues?id=114
New Caledonia,101595,New Caledonia,https://www.fotmob.com/api/data/leagues?id=114
New England Revolution,6580,New England Revolution,https://www.fotmob.com/api/data/leagues?id=130
New York City FC,546238,New York City FC,https://www.fotmob.com/api/data/leagues?id=130
New Zealand,5820,New Zealand,https://www.fotmob.com/api/data/leagues?id=114
Newcastle United FC,10261,Newcastle United,https://www.fotmob.com/api/data/leagues?id=47
Nicaragua,5807,Nicaragua,https://www.fotmob.com/api/data/leagues?id=114
Niger,121281,Niger,https://www.fotmob.com/api/data/leagues?id=114
Nigeria,6346,Nigeria,https://www.fotmob.com/api/data/leagues?id=114
NK Celje,4622,NK Celje,https://www.fotmob.com/api/data/leagues?id=73
North Macedonia,8260,North Macedonia,https://www.fotmob.com/api/data/leagues?id=114
Northern Ireland,10259,Northern Ireland,https://www.fotmob.com/api/data/leagues?id=114
Norway,8492,Norway,https://www.fotmob.com/api/data/leagues?id=114
Nottingham Forest FC,10203,Nottingham Forest,https://www.fotmob.com/api/data/leagues?id=47
OFI,7753,OFI Crete,https://www.fotmob.com/api/data/leagues?id=73
OGC Nice,9831,Nice,https://www.fotmob.com/api/data/leagues?id=53
Oman,5824,Oman,https://www.fotmob.com/api/data/leagues?id=114
Paderborn,8460,Paderborn,https://www.fotmob.com/api/data/leagues?id=54
Pakistan,5910,Pakistan,https://www.fotmob.com/api/data/leagues?id=114
Palestine,6333,Palestine,https://www.fotmob.com/api/data/leagues?id=114
Panama,5922,Panama,https://www.fotmob.com/api/data/leagues?id=114
Papua New Guinea,287876,Papua New Guinea,https://www.fotmob.com/api/data/leagues?id=114
Paraguay,6724,Paraguay,https://www.fotmob.com/api/data/leagues?id=114
Paris FC,6379,Paris FC,https://www.fotmob.com/api/data/leagues?id=53
Paris Saint-Germain FC,9847,Paris Saint-Germain,https://www.fotmob.com/api/data/leagues?id=53
Parma Calcio 1913,10167,Parma,https://www.fotmob.com/api/data/leagues?id=55
Peru,5798,Peru,https://www.fotmob.com/api/data/leagues?id=114
PFK Levski Sofia,8632,Levski Sofia,https://www.fotmob.com/api/data/leagues?id=73
Philadelphia Union,191716,Philadelphia Union,https://www.fotmob.com/api/data/leagues?id=130
Philippines,230139,Philippines,https://www.fotmob.com/api/data/leagues?id=114
Poland,8568,Poland,https://www.fotmob.com/api/data/leagues?id=114
Portland Timbers,307690,Portland Timbers,https://www.fotmob.com/api/data/leagues?id=130
Portugal,8361,Portugal,https://www.fotmob.com/api/data/leagues?id=114
PSV,8640,PSV Eindhoven,https://www.fotmob.com/api/data/leagues?id=42
Puerto Rico,5756,Puerto Rico,https://www.fotmob.com/api/data/leagues?id=114
Qatar,5902,Qatar,https://www.fotmob.com/api/data/leagues?id=114
Querétaro FC,1943,Querétaro FC,https://www.fotmob.com/api/data/leagues?id=230
Rayo Vallecano de Madrid,8370,Rayo Vallecano,https://www.fotmob.com/api/data/leagues?id=87
RB Leipzig,178475,RB Leipzig,https://www.fotmob.com/api/data/leagues?id=54
RC Celta de Vigo,9910,Celta Vigo,https://www.fotmob.com/api/data/leagues?id=87
RCD Espanyol de Barcelona,8558,Espanyol,https://www.fotmob.com/api/data/leagues?id=87
Real Betis Balompié,8603,Real Betis,https://www.fotmob.com/api/data/leagues?id=87
Real Madrid CF,8633,Real Madrid,https://www.fotmob.com/api/data/leagues?id=87
Real Salt Lake,6606,Real Salt Lake,https://www.fotmob.com/api/data/leagues?id=130
Real Sociedad de Fútbol,8560,Real Sociedad,https://www.fotmob.com/api/data/leagues?id=87
Republic of Ireland,5791,Ireland,https://www.fotmob.com/api/data/leagues?id=114
Romania,9730,Romania,https://www.fotmob.com/api/data/leagues?id=114
Russia,8713,Russia,https://www.fotmob.com/api/data/leagues?id=114
Rwanda,5885,Rwanda,https://www.fotmob.com/api/data/leagues?id=114
Sabah FK,951893,Sabah FK,https://www.fotmob.com/api/data/leagues?id=42
Saint-Martin,929189,Saint Martin,https://www.fotmob.com/api/data/leagues?id=114
San Diego FC,1701119,San Diego FC,https://www.fotmob.com/api/data/leagues?id=130
San Jose Earthquakes,6603,San Jose Earthquakes,https://www.fotmob.com/api/data/leagues?id=130
San Marino,6035,San Marino,https://www.fotmob.com/api/data/leagues?id=114
Santos FC,8514,Santos,https://www.fotmob.com/api/data/leagues?id=268
Saudi Arabia,7795,Saudi Arabia,https://www.fotmob.com/api/data/leagues?id=114
SC Corinthians Paulista,9808,Corinthians,https://www.fotmob.com/api/data/leagues?id=268
SC Internacional,8702,Internacional,https://www.fotmob.com/api/data/leagues?id=268
SC União Torreense,212820,Torreense,https://www.fotmob.com/api/data/leagues?id=73
Scotland,8498,Scotland,https://www.fotmob.com/api/data/leagues?id=114
SE Palmeiras,10283,Palmeiras,https://www.fotmob.com/api/data/leagues?id=268
Seattle Sounders FC,130394,Seattle Sounders FC,https://www.fotmob.com/api/data/leagues?id=130
Senegal,6395,Senegal,https://www.fotmob.com/api/data/leagues?id=114
Serbia,8205,Serbia,https://www.fotmob.com/api/data/leagues?id=114
Sevilla FC,8302,Sevilla,https://www.fotmob.com/api/data/leagues?id=87
Seychelles,121274,Seychelles,https://www.fotmob.com/api/data/leagues?id=114
Sierra Leone,5803,Sierra Leone,https://www.fotmob.com/api/data/leagues?id=114
Singapore,5825,Singapore,https://www.fotmob.com/api/data/leagues?id=114
Sint Maarten,929190,Sint Maarten,https://www.fotmob.com/api/data/leagues?id=114
Slovakia,8497,Slovakia,https://www.fotmob.com/api/data/leagues?id=114
Slovenia,5787,Slovenia,https://www.fotmob.com/api/data/leagues?id=114
Solomon Islands,6319,Solomon Islands,https://www.fotmob.com/api/data/leagues?id=114
South Africa,6316,South Africa,https://www.fotmob.com/api/data/leagues?id=114
Spain,6720,Spain,https://www.fotmob.com/api/data/leagues?id=114
Sport Lisboa e Benfica,9772,Benfica,https://www.fotmob.com/api/data/leagues?id=73
Sporting CP,9768,Sporting CP,https://www.fotmob.com/api/data/leagues?id=42
Sporting Kansas City,6604,Sporting Kansas City,https://www.fotmob.com/api/data/leagues?id=130
Sri Lanka,5895,Sri Lanka,https://www.fotmob.com/api/data/leagues?id=114
SS Lazio,8543,Lazio,https://www.fotmob.com/api/data/leagues?id=55
St. Kitts and Nevis,5924,St. Kitts and Nevis,https://www.fotmob.com/api/data/leagues?id=114
St. Louis City SC,1427963,St. Louis City,https://www.fotmob.com/api/data/leagues?id=130
St. Lucia,127408,Saint Lucia,https://www.fotmob.com/api/data/leagues?id=114
St. Vincent and the Grenadines,5923,Saint Vincent and The Grenadines,https://www.fotmob.com/api/data/leagues?id=114
Sudan,5805,Sudan,https://www.fotmob.com/api/data/leagues?id=114
Sunderland AFC,8472,Sunderland,https://www.fotmob.com/api/data/leagues?id=47
Sweden,8520,Sweden,https://www.fotmob.com/api/data/leagues?id=114
Switzerland,6717,Switzerland,https://www.fotmob.com/api/data/leagues?id=114
Syria,6320,Syria,https://www.fotmob.com/api/data/leagues?id=114
São Paulo FC,10277,São Paulo,https://www.fotmob.com/api/data/leagues?id=268
São Tomé e Príncipe,287979,Sao Tome and Principe,https://www.fotmob.com/api/data/leagues?id=114
Tahiti,5927,Tahiti,https://www.fotmob.com/api/data/leagues?id=114
Tajikistan,5898,Tajikistan,https://www.fotmob.com/api/data/leagues?id=114
Tanzania,7941,Tanzania,https://www.fotmob.com/api/data/leagues?id=114
Thailand,5788,Thailand,https://www.fotmob.com/api/data/leagues?id=114
Togo,7740,Togo,https://www.fotmob.com/api/data/leagues?id=114
Torino FC,9804,Torino,https://www.fotmob.com/api/data/leagues?id=55
Toronto FC,56453,Toronto FC,https://www.fotmob.com/api/data/leagues?id=130
Tottenham Hotspur FC,8586,Tottenham Hotspur,https://www.fotmob.com/api/data/leagues?id=47
Toulouse FC,9941,Toulouse,https://www.fotmob.com/api/data/leagues?id=53
Trinidad and Tobago,7724,Trinidad and Tobago,https://www.fotmob.com/api/data/leagues?id=114
Tunisia,6719,Tunisia,https://www.fotmob.com/api/data/leagues?id=114
Turkmenistan,5900,Turkmenistan,https://www.fotmob.com/api/data/leagues?id=114
Türkiye,6595,Turkiye,https://www.fotmob.com/api/data/leagues?id=114
Udinese Calcio,8600,Udinese,https://www.fotmob.com/api/data/leagues?id=55
Uganda,5890,Uganda,https://www.fotmob.com/api/data/leagues?id=114
Ukraine,6718,Ukraine,https://www.fotmob.com/api/data/leagues?id=114
United States,6713,USA,https://www.fotmob.com/api/data/leagues?id=114
Uruguay,5796,Uruguay,https://www.fotmob.com/api/data/leagues?id=114
US Lecce,9888,Lecce,https://www.fotmob.com/api/data/leagues?id=55
US Sassuolo Calcio,7943,Sassuolo,https://www.fotmob.com/api/data/leagues?id=55
US Virgin Islands,262136,U.S. Virgin Islands,https://www.fotmob.com/api/data/leagues?id=114
Uzbekistan,8700,Uzbekistan,https://www.fotmob.com/api/data/leagues?id=114
Valencia CF,10267,Valencia,https://www.fotmob.com/api/data/leagues?id=87
Vancouver Whitecaps FC,307691,Vancouver Whitecaps,https://www.fotmob.com/api/data/leagues?id=130
Vanuatu,5926,Vanuatu,https://www.fotmob.com/api/data/leagues?id=114
Venezia FC,7881,Venezia,https://www.fotmob.com/api/data/leagues?id=55
Venezuela,5800,Venezuela,https://www.fotmob.com/api/data/leagues?id=114
VfB Stuttgart,10269,VfB Stuttgart,https://www.fotmob.com/api/data/leagues?id=54
Vietnam,5894,Vietnam,https://www.fotmob.com/api/data/leagues?id=114
Villarreal CF,10205,Villarreal,https://www.fotmob.com/api/data/leagues?id=87
Wales,5790,Wales,https://www.fotmob.com/api/data/leagues?id=114
Zambia,6277,Zambia,https://www.fotmob.com/api/data/leagues?id=114
Zimbabwe,6290,Zimbabwe,https://www.fotmob.com/api/data/leagues?id=114
