pm_name,status,candidate_ids
1. FC Heidenheim 1846,unverified,
1. FC Köln,verified_exact_name_and_competition,8722
1. FC Slovácko,unverified,
1. FC Union Berlin,unverified,
1. FSV Mainz 05,unverified,
AA Ponte Preta,unverified,
Aarhus GF,unverified,
Aberdeen FC,unverified,
AC Goianiense,unverified,
AC Juvenes/Dogana,unverified,
AC Milan,unverified,
AC Monza,verified_exact_name_and_competition,6504
AC Sparta Praha,unverified,
AC Virtus,unverified,
ACF Fiorentina,verified_exact_name_and_competition,8535
AE Lemesoú,unverified,
AEK,verified_exact_name_and_competition,8563
AEK Lárnakas,unverified,
AFC Ajax,unverified,
AFC Astra Giurgiu,unverified,
AFC Bournemouth,verified_exact_name_and_competition,8678
Afghanistan,verified_exact_name_and_competition,95796
AGS Astéras Trípolis,unverified,
AIK Fotboll,unverified,
Airbus UK Broughton FC,unverified,
AJ Auxerre,verified_exact_name_and_competition,8583
Akhisarspor,unverified,
Alanyaspor,unverified,
Alashkert FA,unverified,
Albania,verified_exact_name_and_competition,10024
Algeria,verified_exact_name_and_competition,6317
American Samoa,verified_exact_name_and_competition,287879
América FC,unverified,
Andorra,verified_exact_name_and_competition,10045
Angers SCO,verified_exact_name_and_competition,8121
Angola,verified_exact_name_and_competition,6712
Anguilla,verified_exact_name_and_competition,262132
Antigua and Barbuda,unverified,
Anórthosis Ammochóstou,unverified,
AP Brera Strumica,unverified,
APS Atrómitos Athinón,unverified,
APÓEL,unverified,
Apóllon Lemesoú,unverified,
Aqtöbe FK,unverified,
Ararat-Armenia FA,unverified,
Argentina,verified_exact_name_and_competition,6706
Arka Gdynia,unverified,
Armenia,verified_exact_name_and_competition,6583
Arsenal FC,verified_exact_name_and_competition,9825
Aruba,verified_exact_name_and_competition,262131
AS La Jeunesse d'Esch,unverified,
AS Monaco FC,unverified,
AS Omónoia Leukosías,verified_exact_name_and_competition,8044
AS Roma,unverified,
AS Saint-Étienne,unverified,
AS Trenčín,unverified,
AS Áris Thessaloníkis,unverified,
ASA 2013 Târgu Mureș,unverified,
Associação Chapecoense de Futebol,verified_exact_name_and_competition,197693
Astana FK,unverified,
Aston Villa FC,verified_exact_name_and_competition,10252
Atalanta BC,verified_exact_name_and_competition,8524
Athletic Club,verified_exact_name_and_competition,8315
Atlanta United FC,verified_exact_name_and_competition,773958
Atlante FC,unverified,
Atlas FC,unverified,
Atlétic Club d'Escaldes,unverified,
Atlético San Luis,unverified,
Austin FC,verified_exact_name_and_competition,1218886
Australia,verified_exact_name_and_competition,6716
Austria,verified_exact_name_and_competition,8255
Avaí FC,unverified,
AZ,verified_exact_name_and_competition,10229
Azerbaijan,verified_exact_name_and_competition,8566
B36,unverified,
Bahamas,verified_exact_name_and_competition,73596
Bahrain,verified_exact_name_and_competition,5901
Bala Town FC,unverified,
Ballymena United FC,unverified,
Balzan FC,unverified,
Bangladesh,verified_exact_name_and_competition,95797
Bangor City FC,unverified,
Barbados,verified_exact_name_and_competition,5886
Barry Town United AFC,unverified,
Bayer 04 Leverkusen,unverified,
Belarus,verified_exact_name_and_competition,10057
Belgium,verified_exact_name_and_competition,8263
Belize,verified_exact_name_and_competition,127409
Benin,verified_exact_name_and_competition,5883
Bermuda,verified_exact_name_and_competition,5943
Beşiktaş JK,unverified,
Bhutan,verified_exact_name_and_competition,95800
Birkirkara FC,unverified,
BK Häcken,unverified,
Bohemian FC,unverified,
Bolivia,verified_exact_name_and_competition,5797
Bologna FC 1909,verified_exact_name_and_competition,9857
Bonaire,verified_exact_name_and_competition,929188
Borussia Mönchengladbach,verified_exact_name_and_competition,9788
Bosnia and Herzegovina,verified_exact_name_and_competition,10106
Botafogo FR,verified_exact_name_and_competition,8517
Botswana,verified_exact_name_and_competition,5887
Brazil,verified_exact_name_and_competition,8256
Brentford FC,verified_exact_name_and_competition,9937
Brighton & Hove Albion FC,verified_exact_name_and_competition,10204
British Virgin Islands,verified_exact_name_and_competition,262135
Brunei Darussalam,unverified,
Brøndby IF,unverified,
BSC Young Boys,unverified,
Budapest Honvéd FC,unverified,
Bulgaria,verified_exact_name_and_competition,10150
Burkina Faso,verified_exact_name_and_competition,6323
Burnley FC,unverified,
Burundi,verified_exact_name_and_competition,121284
BV Borussia 09 Dortmund,verified_exact_name_and_competition,9789
CA Mineiro,unverified,
CA Osasuna,verified_exact_name_and_competition,8371
CA Paranaense,unverified,
Cabo Verde,unverified,
Cagliari Calcio,verified_exact_name_and_competition,8529
Cambodia,verified_exact_name_and_competition,6332
Cameroon,verified_exact_name_and_competition,6629
Canada,verified_exact_name_and_competition,5810
Cardiff Metropolitan University FC,unverified,
Cayman Islands,verified_exact_name_and_competition,287982
CD Guadalajara,unverified,
CD Leganés,unverified,
CD Tiburones Rojos de Veracruz,unverified,
Ceará SC,unverified,
Cefn Druids AFC,unverified,
Celtic FC,verified_exact_name_and_competition,9925
Central African Republic,verified_exact_name_and_competition,230693
Cercle Brugge KSV,unverified,
CF América,verified_exact_name_and_competition,6576
CF Cruz Azul,verified_exact_name_and_competition,6578
CF Lobos de la BUAP,unverified,
CF Monterrey,unverified,
CF Montréal,verified_exact_name_and_competition,161195
CF Pachuca,unverified,
Chad,unverified,
Charlotte FC,verified_exact_name_and_competition,1323940
Chelsea FC,verified_exact_name_and_competition,8455
Chicago Fire FC,verified_exact_name_and_competition,6397
Chile,verified_exact_name_and_competition,9762
China PR,verified_exact_name_and_competition,5822
Chinese Taipei,unverified,
Cliftonville FC,unverified,
Club Atlético de Madrid,verified_exact_name_and_competition,9906
Club Brugge KV,unverified,
Club León FC,unverified,
Club Necaxa,unverified,
Club Puebla,unverified,
Club Santos Laguna,verified_exact_name_and_competition,7857
Club Tijuana,unverified,
Clube do Remo,verified_exact_name_and_competition,1626
Coleraine FC,unverified,
Colombia,verified_exact_name_and_competition,8258
Colorado Rapids SC,verified_exact_name_and_competition,8314
Columbus Crew,verified_exact_name_and_competition,6001
Como 1907,verified_exact_name_and_competition,10171
Comoros,verified_exact_name_and_competition,230692
Congo,unverified,
Connah's Quay Nomads FC,unverified,
Cook Islands,verified_exact_name_and_competition,287880
Coritiba FBC,verified_exact_name_and_competition,9767
Cork City FC,unverified,
Costa Rica,verified_exact_name_and_competition,6705
Coventry City FC,verified_exact_name_and_competition,8669
CR Flamengo,verified_exact_name_and_competition,9770
CR Vasco da Gama,verified_exact_name_and_competition,10276
Criciúma EC,unverified,
Croatia,verified_exact_name_and_competition,10155
Crusaders FC,unverified,
Cruzeiro EC,verified_exact_name_and_competition,9781
Crystal Palace FC,verified_exact_name_and_competition,9826
CS Alagoano,unverified,
CS Fola Esch,unverified,
CS Marítimo,unverified,
CS Pandurii Târgu-Jiu,unverified,
CSF Speranţa Nisporeni,unverified,
CSM Politehnica Iași,unverified,
Cuba,verified_exact_name_and_competition,5857
Cuiabá EC,unverified,
Curaçao,verified_exact_name_and_competition,287981
Cyprus,verified_exact_name_and_competition,5793
Czechia,verified_exact_name_and_competition,8496
Côte d'Ivoire,unverified,
D.C. United SC,verified_exact_name_and_competition,6602
Debreceni VSC,unverified,
Denmark,verified_exact_name_and_competition,8238
Deportivo Alavés,verified_exact_name_and_competition,9866
Deportivo Toluca FC,unverified,
Derry City FC,unverified,
Dinamo 1948,unverified,
Djibouti,verified_exact_name_and_competition,121285
Djurgårdens IF FF,unverified,
Dominica,verified_exact_name_and_competition,287980
Dominican Republic,verified_exact_name_and_competition,262134
Dorados de Sinaloa,unverified,
DR Congo,verified_exact_name_and_competition,6321
Dundalk FC,unverified,
EC Bahia,verified_exact_name_and_competition,7877
EC Juventude,unverified,
EC Vitória,verified_exact_name_and_competition,7733
Ecuador,verified_exact_name_and_competition,6707
Egypt,verified_exact_name_and_competition,10255
Eintracht Frankfurt,verified_exact_name_and_competition,9810
El Salvador,verified_exact_name_and_competition,6327
Elche CF,verified_exact_name_and_competition,10268
Empoli FC,unverified,
England,verified_exact_name_and_competition,8491
Equatorial Guinea,verified_exact_name_and_competition,8323
Eritrea,unverified,
Ertis FK,unverified,
ES Troyes AC,verified_exact_name_and_competition,10242
Esbjerg fB,unverified,
Estonia,verified_exact_name_and_competition,8261
Eswatini,unverified,
Ethiopia,verified_exact_name_and_competition,121282
ETO FC,unverified,
Europa FC,unverified,
Everton FC,verified_exact_name_and_competition,8668
F91 Diddeleng,unverified,
Faroe Islands,verified_exact_name_and_competition,8269
FC Admira Wacker,unverified,
FC Arouca,unverified,
FC Atert Bissen,unverified,
FC Augsburg,unverified,
FC Ballkani,unverified,
FC Baník Ostrava,unverified,
FC Barcelona,unverified,
FC Basel 1893,unverified,
FC Bayern München,unverified,
FC Botoşani,unverified,
FC CFR 1907 Cluj,unverified,
FC Cincinnati,verified_exact_name_and_competition,722265
FC Corvinul 1921 Hunedoara,unverified,
FC DAC 1904 Dunajská Streda,unverified,
FC Dacia Chişinău,unverified,
FC Dallas,verified_exact_name_and_competition,6399
FC Dinamo-Auto Tiraspol,unverified,
FC Drita,unverified,
FC Déifferdeng 03,unverified,
FC Feronikeli 74,unverified,
FC Flora,unverified,
FC Girondins de Bordeaux,unverified,
FC Groningen,unverified,
FC Honka,unverified,
FC Hradec Králové,unverified,
FC Inter Turku,unverified,
FC Internazionale Milano,verified_exact_name_and_competition,8636
FC Juárez,verified_exact_name_and_competition,649424
FC Koper,unverified,
FC København,unverified,
FC Lahti,unverified,
FC Lorient,verified_exact_name_and_competition,8689
FC Lugano,unverified,
FC Lusitanos,unverified,
FC Luzern,unverified,
FC Metz,unverified,
FC Midtjylland,unverified,
FC Milsami Orhei,unverified,
FC Nantes,unverified,
FC Nordsjælland,unverified,
FC Petrocub Hînceşti,unverified,
FC Porto,verified_exact_name_and_competition,9773
FC Prishtina,unverified,
FC Progrès Niederkorn,unverified,
FC Red Bull Salzburg,unverified,
FC Santa Coloma,unverified,
FC Saxan Gagauz Yeri,unverified,
FC Schalke 04,unverified,
FC Sfîntul Gheorghe,unverified,
FC Sheriff Tiraspol,unverified,
FC Shkupi,unverified,
FC Sion,unverified,
FC Slovan Liberec,unverified,
FC Spartak Trnava,unverified,
FC St. Gallen,unverified,
FC St. Pauli 1910,unverified,
FC Struga Trim & Lum,unverified,
FC Swift Hesper,unverified,
FC Thun,unverified,
FC Twente,unverified,
FC Universitatea Cluj,unverified,
FC Utrecht,unverified,
FC Vaduz,unverified,
FC Viitorul Constanţa,unverified,
FC Viktoria Plzeň,unverified,
FC Zimbru Chişinău,unverified,
FC Zlín,unverified,
FC Zürich,unverified,
FCI Levadia,unverified,
FCSB,unverified,
FCV Farul Constanţa,unverified,
Fehérvár FC,unverified,
Fenerbahçe SK,verified_exact_name_and_competition,8695
Ferencvárosi TC,unverified,
Feyenoord Rotterdam,verified_exact_name_and_competition,10235
FH Hafnarfjörður,unverified,
Figueirense FC,unverified,
Fiji,verified_exact_name_and_competition,5925
Finland,verified_exact_name_and_competition,7871
FK Atlantas Klaipėda,unverified,
FK Austria Wien,unverified,
FK BATE Barysaŭ,unverified,
FK Bodø/Glimt,verified_exact_name_and_competition,8402
FK Bokelj Kotor,unverified,
FK Borac Banja Luka,unverified,
FK Budućnost Podgorica,unverified,
FK Crvena zvezda,unverified,
FK Desna Chernihiv,unverified,
FK Dečić Tuzi,unverified,
FK Dinamo Moskva,unverified,
FK Dnipro,unverified,
FK Dunav Ruse,unverified,
FK Dynama-Brest,unverified,
FK Dynama-Minsk,unverified,
FK Dynamo Kyiv,unverified,
FK Haugesund,unverified,
FK Iskra Danilovgrad,unverified,
FK Jablonec,unverified,
FK Jelgava,unverified,
FK Kauno Žalgiris,unverified,
FK Kolos Kovalivka,unverified,
FK Krasnodar,unverified,
FK Kryvbas Kryvyi Rih,unverified,
FK Kukësi,unverified,
FK Liepāja,unverified,
FK Lokomotiv Moskva,unverified,
FK Lovech,unverified,
FK Makedonija Gjorche Petrov,unverified,
FK Mariupol,unverified,
FK ML Viciebsk,unverified,
FK Mladost Lučani,unverified,
FK Mladá Boleslav,unverified,
FK Oleksandriya,unverified,
FK Olimpik Donetsk,unverified,
FK Olimpik Sarajevo,unverified,
FK Panevėžys,unverified,
FK Partizan Beograd,unverified,
FK Partizani,unverified,
FK Pelister Bitola,unverified,
FK Rabotnichki Skopje,unverified,
FK Radnik Bijeljina,unverified,
FK Radnički Niš,unverified,
FK Riteriai,unverified,
FK Rostov,unverified,
FK Rubin Kazan,unverified,
FK Rudar Pljevlja,unverified,
FK Rīga,unverified,
FK Rīgas Futbola Skola,unverified,
FK Sarajevo,unverified,
FK Shakhtar Donetsk,verified_exact_name_and_competition,9728
FK Sileks,unverified,
FK Sloboda Tuzla,unverified,
FK Spartak Moskva,unverified,
FK Spartak Ždrepčeva Krv Subotica,unverified,
FK Spartaks Jūrmala,unverified,
FK Stumbras Kaunas,unverified,
FK Sutjeska Nikšić,unverified,
FK Sūduva Marijampolė,unverified,
FK Tarpieda-BelAZ Žodzina,unverified,
FK TSC Bačka Topola,unverified,
FK Ufa,unverified,
FK Vardar Skopje,unverified,
FK Ventspils,unverified,
FK Viciebsk,unverified,
FK Vojvodina Novi Sad,unverified,
FK Vorskla Poltava,unverified,
FK Zenit,unverified,
FK Zeta Golubovci,unverified,
FK Zorya Luhansk,unverified,
FK Čukarički,unverified,
FK Šachcior Salihorsk,unverified,
FK Žalgiris Vilnius,unverified,
FK Željezničar Sarajevo,unverified,
Floriana FC,unverified,
Fluminense FC,verified_exact_name_and_competition,9863
Fortaleza EC,unverified,
France,verified_exact_name_and_competition,6723
Fredrikstad FK,unverified,
French Guiana,unverified,
Frosinone Calcio,verified_exact_name_and_competition,9891
Fulham FC,verified_exact_name_and_competition,9879
Gabon,verified_exact_name_and_competition,5889
Galatasaray SK,verified_exact_name_and_competition,8637
Gambia,verified_exact_name_and_competition,5979
Genoa CFC,verified_exact_name_and_competition,10233
Georgia,verified_exact_name_and_competition,8268
Germany,verified_exact_name_and_competition,8570
Getafe CF,verified_exact_name_and_competition,8305
Ghana,verified_exact_name_and_competition,6714
Gibraltar,verified_exact_name_and_competition,507764
Girona FC,unverified,
GKS Piast Gliwice,unverified,
Glenavon FC,unverified,
Glentoran FC,unverified,
GNK Dinamo Zagreb,unverified,
Go Ahead Eagles,unverified,
Goiás EC,unverified,
Granada CF,unverified,
Grasshopper Club Zürich,unverified,
Greece,verified_exact_name_and_competition,6383
Grenada,verified_exact_name_and_competition,6548
Grêmio FBPA,verified_exact_name_and_competition,9769
Guadeloupe,unverified,
Guam,verified_exact_name_and_competition,95798
Guatemala,verified_exact_name_and_competition,5858
Guinea,verified_exact_name_and_competition,6289
Guinea-Bissau,verified_exact_name_and_competition,230700
Guyana,verified_exact_name_and_competition,6222
Górnik Zabrze,unverified,
Gżira United FC,unverified,
Haiti,verified_exact_name_and_competition,5934
Hamburger SV,verified_exact_name_and_competition,9790
Hammarby Fotboll,unverified,
HB,unverified,
Heart of Midlothian FC,unverified,
Hellas Verona FC,unverified,
Helsingin JK,unverified,
Heracles Almelo,unverified,
Hertha BSC,unverified,
Hibernian FC,unverified,
Hibernians FC,unverified,
HNK Hajduk Split,unverified,
HNK Rijeka,unverified,
Holstein Kiel,unverified,
Honduras,verified_exact_name_and_competition,5808
Hong Kong SAR,verified_exact_name_and_competition,6322
Houston Dynamo,unverified,
Hull City AFC,verified_exact_name_and_competition,8667
Hungary,verified_exact_name_and_competition,8565
HŠK Zrinjski Mostar,unverified,
Iceland,verified_exact_name_and_competition,8536
IF Elfsborg,unverified,
IFK Göteborg,unverified,
IFK Mariehamn,unverified,
IFK Norrköping FK,unverified,
Ilves Tampere,unverified,
India,verified_exact_name_and_competition,6329
Indonesia,verified_exact_name_and_competition,6324
Inter Club d'Escaldes,unverified,
Inter Miami CF,verified_exact_name_and_competition,960720
Inverness Caledonian Thistle FC,unverified,
Ipswich Town FC,verified_exact_name_and_competition,9902
IR Iran,verified_exact_name_and_competition,6711
Iraq,verified_exact_name_and_competition,5819
Israel,verified_exact_name_and_competition,8567
Italy,verified_exact_name_and_competition,8204
Jagiellonia Białystok,verified_exact_name_and_competition,1957
Jamaica,verified_exact_name_and_competition,5806
Japan,verified_exact_name_and_competition,6715
JK Narva Trans,unverified,
JK Sillamäe Kalev,unverified,
Jordan,verified_exact_name_and_competition,5816
Juventus FC,verified_exact_name_and_competition,9885
K. Sint-Truidense VV,unverified,
KAA Gent,unverified,
Kazakhstan,verified_exact_name_and_competition,8265
Kenya,verified_exact_name_and_competition,5884
KF Egnatia Rrogozhinë,unverified,
KF Laçi,unverified,
KF Llapi,unverified,
KF Renova Djepchishte,unverified,
KF Shkëndija 79,unverified,
KF Skënderbeu Korçë,unverified,
KF Teuta Durrës,unverified,
KF Tirana,unverified,
KF Trepça '89 Mitrovicë,unverified,
KF Valur,unverified,
KGHM Zagłębie Lubin,unverified,
Kilmarnock FC,unverified,
KKS Lech Poznań,verified_exact_name_and_competition,2182
Konyaspor,unverified,
Korea DPR,unverified,
Korea Republic,verified_exact_name_and_competition,7804
Kosovo,verified_exact_name_and_competition,430156
KR Reykjavík,unverified,
KRC Genk,unverified,
KS Luftëtari Gjirokastër,unverified,
Kuopion PS,unverified,
Kuwait,verified_exact_name_and_competition,5821
KV Oostende,unverified,
Kyrgyz Republic,verified_exact_name_and_competition,5893
KÍ,unverified,
Kəpəz PFK,unverified,
Lao PDR,unverified,
Larne FC,unverified,
LASK Linz,verified_exact_name_and_competition,9977
Latvia,verified_exact_name_and_competition,5795
Le Havre AC,verified_exact_name_and_competition,9746
Le Mans FC,verified_exact_name_and_competition,8682
Lebanon,verified_exact_name_and_competition,5897
Lechia Gdańsk,unverified,
Leeds United FC,verified_exact_name_and_competition,8463
Legia Warszawa,unverified,
Leicester City FC,unverified,
Lesotho,verified_exact_name_and_competition,4167
Levante UD,unverified,
Liberia,verified_exact_name_and_competition,5804
Libya,verified_exact_name_and_competition,6328
Liechtenstein,verified_exact_name_and_competition,5799
Lille OSC,verified_exact_name_and_competition,8639
Lillestrøm SK,unverified,
Lincoln Red Imps FC,unverified,
Linfield FC,unverified,
Lithuania,verified_exact_name_and_competition,8254
Liverpool FC,unverified,
Llandudno FC,unverified,
Los Angeles FC,verified_exact_name_and_competition,867280
Los Angeles Galaxy,verified_exact_name_and_competition,6637
Luxembourg,verified_exact_name_and_competition,5792
Lyngby BK,unverified,
Macau,unverified,
Madagascar,verified_exact_name_and_competition,5809
Malawi,verified_exact_name_and_competition,6020
Malaysia,unverified,
Maldives,verified_exact_name_and_competition,5899
Mali,verified_exact_name_and_competition,5815
Malmö FF,unverified,
Malta,verified_exact_name_and_competition,8495
Manchester City FC,verified_exact_name_and_competition,8456
Manchester United FC,verified_exact_name_and_competition,10260
Martinique,verified_exact_name_and_competition,5859
Mauritania,verified_exact_name_and_competition,68374
Mauritius,verified_exact_name_and_competition,5750
Mazatlán FC,unverified,
Mexico,verified_exact_name_and_competition,6710
MFK Ružomberok,unverified,
MH Beitar Jerusalem,unverified,
MH Hapoel Be'er Sheva,verified_exact_name_and_competition,9754
MH Hapoel Haifa,unverified,
MH Hapoel Ironi Kiryat Shmona,unverified,
MH Maccabi Haifa,unverified,
MH Maccabi Tel Aviv,unverified,
Minnesota United FC,verified_exact_name_and_competition,207242
Mirassol FC,verified_exact_name_and_competition,163782
Mjällby AIF,unverified,
MK Bnei Yehuda Tel Aviv,unverified,
MKS Cracovia,unverified,
Molde FK,unverified,
Moldova,verified_exact_name_and_competition,5794
Mongolia,verified_exact_name_and_competition,95971
Montenegro,verified_exact_name_and_competition,49437
Montserrat,unverified,
Morocco,verified_exact_name_and_competition,6262
Motherwell FC,unverified,
Mozambique,verified_exact_name_and_competition,5965
MS Maccabi Petah Tikva,unverified,
MTK Budapest,unverified,
Myanmar,verified_exact_name_and_competition,8307
Málaga CF,unverified,
MŠK Žilina,unverified,
Namibia,verified_exact_name_and_competition,5802
Nashville SC,verified_exact_name_and_competition,915807
ND Gorica,unverified,
NEC,verified_exact_name_and_competition,8464
Neftçi PFK,unverified,
Nepal,unverified,
Netherlands,verified_exact_name_and_competition,6708
New Caledonia,verified_exact_name_and_competition,101595
New England Revolution,verified_exact_name_and_competition,6580
New York City FC,verified_exact_name_and_competition,546238
New York Red Bulls,unverified,
New Zealand,verified_exact_name_and_competition,5820
Newcastle United FC,verified_exact_name_and_competition,10261
Newtown AFC,unverified,
Nicaragua,verified_exact_name_and_competition,5807
Niger,verified_exact_name_and_competition,121281
Nigeria,verified_exact_name_and_competition,6346
NK Aluminij,unverified,
NK Celje,verified_exact_name_and_competition,4622
NK Domžale,unverified,
NK Lokomotiva Zagreb,unverified,
NK Maribor,unverified,
NK Olimpija Ljubljana,unverified,
NK Osijek,unverified,
NK Rudar Velenje,unverified,
NK Široki Brijeg,unverified,
Noah FA,unverified,
North Macedonia,verified_exact_name_and_competition,8260
Northern Ireland,verified_exact_name_and_competition,10259
Norway,verified_exact_name_and_competition,8492
Nottingham Forest FC,verified_exact_name_and_competition,10203
NSÍ Runavík,unverified,
Nõmme Kalju FC,unverified,
NŠ Mura,unverified,
Odds BK,unverified,
OFI,verified_exact_name_and_competition,7753
OFK Titograd,unverified,
OGC Nice,verified_exact_name_and_competition,9831
Olympiakós SFP,unverified,
Olympique de Marseille,unverified,
Olympique Lyonnais,unverified,
Oman,verified_exact_name_and_competition,5824
Ordabasy FK,unverified,
Orlando City SC,unverified,
Paderborn,verified_exact_name_and_competition,8460
Paide Linnameeskond,unverified,
Pakistan,verified_exact_name_and_competition,5910
Paksi FC,unverified,
Palau,unverified,
Palestine,verified_exact_name_and_competition,6333
Panama,verified_exact_name_and_competition,5922
Panathinaikós AO,unverified,
Paniónios GSS,unverified,
PAOK,unverified,
Papua New Guinea,verified_exact_name_and_competition,287876
Paraguay,verified_exact_name_and_competition,6724
Paraná Clube,unverified,
Paris FC,verified_exact_name_and_competition,6379
Paris Saint-Germain FC,verified_exact_name_and_competition,9847
Parma Calcio 1913,verified_exact_name_and_competition,10167
PAS Giánnina,unverified,
Peru,verified_exact_name_and_competition,5798
PFK Arsenal Tula,unverified,
PFK Beroe Stara Zagora,unverified,
PFK Botev Plovdiv,unverified,
PFK Cherno More Varna,unverified,
PFK CSKA Moskva,unverified,
PFK CSKA Sofia,unverified,
PFK Levski Sofia,verified_exact_name_and_competition,8632
PFK Lokomotiv Plovdiv,unverified,
PFK Ludogorets 1945 Razgrad,unverified,
PFK Neftchi,unverified,
PFK Slavia Sofia,unverified,
Philadelphia Union,verified_exact_name_and_competition,191716
Philippines,verified_exact_name_and_competition,230139
Pisa SC,unverified,
Poland,verified_exact_name_and_competition,8568
Portland Timbers,verified_exact_name_and_competition,307690
Portugal,verified_exact_name_and_competition,8361
PSV,verified_exact_name_and_competition,8640
Puerto Rico,verified_exact_name_and_competition,5756
Pumas de la UNAM,unverified,
Puskás Akadémia FC,unverified,
Pyunik FA,unverified,
Páfos FC,unverified,
Qairat FK,unverified,
Qaisar FK,unverified,
Qarabağ Ağdam FK,unverified,
Qatar,verified_exact_name_and_competition,5902
Querétaro FC,verified_exact_name_and_competition,1943
Qəbələ İK,unverified,
Racing Club de Lens,unverified,
Racing FC Union Lëtzebuerg,unverified,
Rams Başakşehir FK,unverified,
Randers FC,unverified,
Rangers FC,unverified,
Rayo Vallecano de Madrid,verified_exact_name_and_competition,8370
RB Leipzig,verified_exact_name_and_competition,178475
RC Celta de Vigo,verified_exact_name_and_competition,9910
RC Deportivo A Coruña,unverified,
RC Strasbourg Alsace,unverified,
RCD Espanyol de Barcelona,verified_exact_name_and_competition,8558
RCD Mallorca,unverified,
Real Betis Balompié,verified_exact_name_and_competition,8603
Real Madrid CF,verified_exact_name_and_competition,8633
Real Oviedo,unverified,
Real Racing Club,unverified,
Real Salt Lake,verified_exact_name_and_competition,6606
Real Sociedad de Fútbol,verified_exact_name_and_competition,8560
Real Valladolid CF,unverified,
Red Bull Bragantino,unverified,
Republic of Ireland,verified_exact_name_and_competition,5791
Rio Ave FC,unverified,
RKS Raków Częstochowa,unverified,
Romania,verified_exact_name_and_competition,9730
Rosenborg BK,unverified,
Rovaniemen PS,unverified,
Royal Antwerp FC,unverified,
Royal Standard de Liège,unverified,
RSC Anderlecht,unverified,
RU Saint-Gilloise,unverified,
Russia,verified_exact_name_and_competition,8713
Rwanda,verified_exact_name_and_competition,5885
RZ Pellets Wolfsberger AC,unverified,
Réunion,unverified,
Rīga FC,unverified,
Sabah FK,verified_exact_name_and_competition,951893
Saint-Martin,verified_exact_name_and_competition,929189
Samoa,unverified,
Samsunspor,unverified,
San Diego FC,verified_exact_name_and_competition,1701119
San Jose Earthquakes,verified_exact_name_and_competition,6603
San Marino,verified_exact_name_and_competition,6035
Santa Cruz FC,unverified,
Santos FC,verified_exact_name_and_competition,8514
Sarpsborg 08 FF,unverified,
Saudi Arabia,verified_exact_name_and_competition,7795
SBV Vitesse,unverified,
SC Braga,unverified,
SC Corinthians Paulista,verified_exact_name_and_competition,9808
SC Freiburg,unverified,
SC Gjilani,unverified,
SC Internacional,verified_exact_name_and_competition,8702
SC Paderborn 07,unverified,
SC Recife,unverified,
SC Rheindorf Altach,unverified,
SC União Torreense,verified_exact_name_and_competition,212820
Scotland,verified_exact_name_and_competition,8498
SE Palmeiras,verified_exact_name_and_competition,10283
Seattle Sounders FC,verified_exact_name_and_competition,130394
Seinäjoen JK,unverified,
Senegal,verified_exact_name_and_competition,6395
Serbia,verified_exact_name_and_competition,8205
Servette FC,unverified,
Sevilla FC,verified_exact_name_and_competition,8302
Seychelles,verified_exact_name_and_competition,121274
Shamrock Rovers FC,unverified,
Shelbourne FC,unverified,
Shirak FA,unverified,
Sierra Leone,verified_exact_name_and_competition,5803
Silkeborg IF,unverified,
Sincan Belediyesi Ankaraspor,unverified,
Singapore,verified_exact_name_and_competition,5825
Sint Maarten,verified_exact_name_and_competition,929190
Sirens FC,unverified,
Sivasspor,unverified,
SK Brann,unverified,
SK Chikhura Sachkhere,unverified,
SK Dila Gori,unverified,
SK Dinamo Batumi,unverified,
SK Dinamo Tbilisi,unverified,
SK Dnipro-1,unverified,
SK Iberia 1999,unverified,
SK Lokomotivi Tbilisi,unverified,
SK Puntigamer Sturm Graz,unverified,
SK Rapid Wien,unverified,
SK Samtredia,unverified,
SK Sigma Olomouc,unverified,
SK Slavia Praha,unverified,
SK Torpedo Kutaisi,unverified,
SK Tskhinvali,unverified,
Skonto FC Rīga,unverified,
Slovakia,verified_exact_name_and_competition,8497
Slovenia,verified_exact_name_and_competition,5787
Solomon Islands,verified_exact_name_and_competition,6319
Somalia,unverified,
South Africa,verified_exact_name_and_competition,6316
South Sudan,unverified,
Southampton FC,unverified,
SP La Fiorita,unverified,
SP Tre Penne,unverified,
Spain,verified_exact_name_and_competition,6720
Sport Lisboa e Benfica,verified_exact_name_and_competition,9772
Sporting CP,verified_exact_name_and_competition,9768
Sporting du Pays de Charleroi,unverified,
Sporting Kansas City,verified_exact_name_and_competition,6604
Sri Lanka,verified_exact_name_and_competition,5895
SS Folgore/Falciano,unverified,
SS Lazio,verified_exact_name_and_competition,8543
SSC Napoli,unverified,
St Johnstone FC,unverified,
St Joseph's FC,unverified,
St Patrick's Athletic FC,unverified,
St. Kitts and Nevis,verified_exact_name_and_competition,5924
St. Louis City SC,verified_exact_name_and_competition,1427963
St. Lucia,verified_exact_name_and_competition,127408
St. Vincent and the Grenadines,verified_exact_name_and_competition,5923
Stabæk Fotball,unverified,
Stade Brestois 29,unverified,
Stade de Reims,unverified,
Stade Rennais FC 1901,unverified,
Strømsgodset IF,unverified,
Sudan,verified_exact_name_and_competition,5805
Sumqayıt FK,unverified,
Sunderland AFC,verified_exact_name_and_competition,8472
Suriname,unverified,
SV 07 Elversberg,unverified,
SV Werder Bremen,unverified,
SV Zulte-Waregem,unverified,
Sweden,verified_exact_name_and_competition,8520
Switzerland,verified_exact_name_and_competition,6717
Syria,verified_exact_name_and_competition,6320
São Paulo FC,verified_exact_name_and_competition,10277
São Tomé e Príncipe,verified_exact_name_and_competition,287979
Sønderjyske Fodbold,unverified,
Səbail FK,unverified,
Tahiti,verified_exact_name_and_competition,5927
Tajikistan,verified_exact_name_and_competition,5898
Tanzania,verified_exact_name_and_competition,7941
Thailand,verified_exact_name_and_competition,5788
The New Saints FC,unverified,
Tigres de la UANL,unverified,
Timor-Leste,unverified,
TJ Spartak Myjava,unverified,
Tobyl FK,unverified,
Togo,verified_exact_name_and_competition,7740
Tonga,unverified,
Torino FC,verified_exact_name_and_competition,9804
Toronto FC,verified_exact_name_and_competition,56453
Tottenham Hotspur FC,verified_exact_name_and_competition,8586
Toulouse FC,verified_exact_name_and_competition,9941
Trabzonspor,unverified,
Tre Fiori FC,unverified,
Trinidad and Tobago,verified_exact_name_and_competition,7724
Tromsø IL,unverified,
TSG 1899 Hoffenheim,unverified,
TSV Egger Glas Hartberg,unverified,
Tunisia,verified_exact_name_and_competition,6719
Turkmenistan,verified_exact_name_and_competition,5900
Turks and Caicos Islands,unverified,
Tuvalu,unverified,
Türkiye,verified_exact_name_and_competition,6595
UC Sampdoria,unverified,
UD Las Palmas,unverified,
Udinese Calcio,verified_exact_name_and_competition,8600
UE Engordany,unverified,
UE Sant Julià,unverified,
UE Santa Coloma,unverified,
Uganda,verified_exact_name_and_competition,5890
Ukraine,verified_exact_name_and_competition,6718
Ulisses FC,unverified,
UMF Breiðablik,unverified,
UMF Stjarnan,unverified,
Union Titus Pétange,unverified,
United Arab Emirates,unverified,
United States,verified_exact_name_and_competition,6713
Universitatea Craiova CS,unverified,
University College Dublin FC,unverified,
Urartu FA,unverified,
Uruguay,verified_exact_name_and_competition,5796
US Cremonese,unverified,
US Lecce,verified_exact_name_and_competition,9888
US Sassuolo Calcio,verified_exact_name_and_competition,7943
US Virgin Islands,verified_exact_name_and_competition,262136
Uzbekistan,verified_exact_name_and_competition,8700
Vaasan PS,unverified,
Valencia CF,verified_exact_name_and_competition,10267
Valletta FC,unverified,
Valmiera FC,unverified,
Vancouver Whitecaps FC,verified_exact_name_and_competition,307691
Vanuatu,verified_exact_name_and_competition,5926
Vasas FC,unverified,
Venezia FC,verified_exact_name_and_competition,7881
Venezuela,verified_exact_name_and_competition,5800
VfB Stuttgart,verified_exact_name_and_competition,10269
VfL Bochum,unverified,
VfL Wolfsburg,unverified,
Vietnam,verified_exact_name_and_competition,5894
Viking FK,unverified,
Villarreal CF,verified_exact_name_and_competition,10205
Vitória SC,unverified,
Wales,verified_exact_name_and_competition,5790
West Ham United FC,unverified,
Willem II Tilburg,unverified,
Wisła Kraków,unverified,
WKS Śląsk Wrocław,unverified,
Wolverhampton Wanderers FC,unverified,
Yemen,unverified,
Yeni Malatyaspor,unverified,
Zambia,verified_exact_name_and_competition,6277
Zanzibar,unverified,
Zimbabwe,verified_exact_name_and_competition,6290
Zirə FK,unverified,
Áris Lemesoú,unverified,
ÍB Vestmannaeyja,unverified,
ÍF Vestri,unverified,
Östersunds FK,unverified,
Újpest FC,unverified,
Ħamrun Spartans FC,unverified,
Şamaxı FK,unverified,
ŠK Slovan Bratislava,unverified,
