pm_name,query,sofascore_team_id
1. FC Heidenheim 1846,1. FC Heidenheim,5885
1. FC Köln,1. FC Köln,2671
1. FC Slovácko,1. FC Slovácko,4871
1. FC Union Berlin,1. FC Union Berlin,2547
1. FSV Mainz 05,1. FSV Mainz 05,2556
AA Ponte Preta,Ponte Preta,1969
Aarhus GF,AGF,1291
Aberdeen FC,Aberdeen,2355
AC Goianiense,Atlético Goianiense,7314
AC Juvenes/Dogana,AC Juvenes / Dogana,24045
AC Milan,AC Milan,2692
AC Monza,Monza,2729
AC Sparta Praha,AC Sparta Praha,2218
AC Virtus,SS Virtus,36261
ACF Fiorentina,Fiorentina,2693
AE Lemesoú,AEL Limassol,3407
AEK,AEK Athens,3250
AEK Lárnakas,AEK Larnaca,3404
AFC Ajax,AFC Ajax,2953
AFC Astra Giurgiu,Astra Giurgiu,3288
AFC Bournemouth,Bournemouth,60
Afghanistan,Afghanistan,4689
AGS Astéras Trípolis,Asteras Aktor,6342
AIK Fotboll,AIK,1764
Airbus UK Broughton FC,Airbus UK Broughton,4907
AJ Auxerre,Auxerre,1646
Akhisarspor,Akhisarspor,24748
Alanyaspor,Alanyaspor,6362
Alashkert FA,FC Alashkert,67966
Albania,Albania,4690
Algeria,Algeria,4691
American Samoa,American Samoa,23476
América FC,América Mineiro,1973
Andorra,Andorra,4818
Angers SCO,Angers,1684
Angola,Angola,4692
Anguilla,Anguilla,21804
Antigua and Barbuda,Antigua and Barbuda,21805
Anórthosis Ammochóstou,Anorthosis Famagusta,3403
AP Brera Strumica,AP Brera Strumica,226868
APS Atrómitos Athinón,APS Atromitos Athinon,5062
APÓEL,APOEL Nicosia,3398
Apóllon Lemesoú,Apollon Limassol,3402
Aqtöbe FK,FK Aktobe,5355
Ararat-Armenia FA,FC Ararat-Armenia,262229
Argentina,Argentina,4819
Arka Gdynia,Arka Gdynia,5064
Armenia,Armenia,4740
Arsenal FC,Arsenal,42
Aruba,Aruba,21806
AS La Jeunesse d'Esch,Jeunesse Esch,5383
AS Monaco FC,AS Monaco,1653
AS Omónoia Leukosías,Omonia Nicosia,3395
AS Roma,AS Roma,2702
AS Saint-Étienne,Saint-Étienne,1678
AS Trenčín,AS Trenčín,2398
AS Áris Thessaloníkis,Aris Thessaloniki,3252
ASA 2013 Târgu Mureș,ASA Târgu Mureş,24804
Associação Chapecoense de Futebol,Chapecoense,21845
Astana FK,Astana,36155
Aston Villa FC,Aston Villa,40
Atalanta BC,Atalanta,2686
Athletic Club,Athletic Club,2825
Atlanta United FC,Atlanta United,243211
Atlante FC,Atlante FC,1943
Atlas FC,Atlas FC,1949
Atlétic Club d'Escaldes,Atlètic Club Escaldes,37962
Atlético San Luis,Atlético San Luis,1950
Austin FC,Austin FC,377973
Australia,Australia,4741
Austria,Austria,4718
Avaí FC,Avaí,7315
AZ,AZ Alkmaar,2950
Azerbaijan,Azerbaijan,4742
B36,B36 Tórshavn,5185
Bahamas,Bahamas,21807
Bahrain,Bahrain,5161
Bala Town FC,Bala Town,36255
Ballymena United FC,Ballymena United,5269
Balzan FC,Balzan F.C.,38304
Bangladesh,Bangladesh,6080
Bangor City FC,Bangor City,4908
Barbados,Barbados,21808
Barry Town United AFC,Barry Town,35186
Bayer 04 Leverkusen,Bayer 04 Leverkusen,2681
Belarus,Belarus,4743
Belgium,Belgium,4717
Belize,Belize,21809
Benin,Benin,4744
Bermuda,Bermuda,4745
Beşiktaş JK,Beşiktaş JK,3050
Bhutan,Bhutan,191564
Birkirkara FC,Birkirkara FC,5330
BK Häcken,BK Häcken,1760
Bohemian FC,Bohemian FC,3173
Bolivia,Bolivia,4746
Bologna FC 1909,Bologna,2685
Bonaire,Bonaire,180236
Borussia Mönchengladbach,Borussia M'gladbach,2527
Bosnia and Herzegovina,Bosnia & Herzegovina,4479
Botafogo FR,Botafogo,1958
Botswana,Botswana,4747
Brazil,Brazil,4748
Brentford FC,Brentford,50
Brighton & Hove Albion FC,Brighton & Hove Albion,30
British Virgin Islands,British Virgin Islands,21810
Brunei Darussalam,Brunei Darussalam,23491
Brøndby IF,Brøndby IF,1281
BSC Young Boys,BSC Young Boys,2445
Budapest Honvéd FC,Kispest Honvéd FC,1916
Bulgaria,Bulgaria,4716
Burkina Faso,Burkina Faso,4749
Burnley FC,Burnley,6
Burundi,Burundi,4750
BV Borussia 09 Dortmund,Borussia Dortmund,2673
CA Mineiro,Atlético Mineiro,1977
CA Osasuna,Osasuna,2820
CA Paranaense,Athletico,1967
Cabo Verde,Cabo Verde,4753
Cagliari Calcio,Cagliari,2719
Cambodia,Cambodia,7929
Cameroon,Cameroon,4751
Canada,Canada,4752
Cardiff Metropolitan University FC,Cardiff Met FC,167106
Cayman Islands,Cayman Islands,21811
CD Guadalajara,CD Guadalajara,1938
CD Leganés,Leganés,2845
CD Tiburones Rojos de Veracruz,Veracruz,1942
Ceará SC,Ceará,2001
Cefn Druids AFC,Cefn Druids,4917
Celtic FC,Celtic,2352
Central African Republic,Central African Republic,23470
Cercle Brugge KSV,Cercle Brugge,2929
CF América,Club América,1939
CF Cruz Azul,Cruz Azul,1947
CF Lobos de la BUAP,Lobos BUAP,36530
CF Monterrey,CF Monterrey,1932
CF Montréal,CF Montréal,22006
CF Pachuca,CF Pachuca,1936
Chad,Chad,8039
Charlotte FC,Charlotte FC,404108
Chelsea FC,Chelsea,38
Chicago Fire FC,Chicago Fire,2505
Chile,Chile,4754
China PR,China,4755
Chinese Taipei,Chinese Taipei,5937
Cliftonville FC,Cliftonville FC,5181
Club Atlético de Madrid,Atlético Madrid,2836
Club Brugge KV,Club Brugge KV,2888
Club León FC,Club León,36534
Club Necaxa,Club Necaxa,1944
Club Puebla,Club Puebla,1941
Club Santos Laguna,Santos Laguna,1948
Club Tijuana,Club Tijuana,36525
Clube do Remo,Remo,2012
Coleraine FC,Coleraine FC,5270
Colombia,Colombia,4820
Colorado Rapids SC,Colorado Rapids,2510
Columbus Crew,Columbus Crew,2504
Como 1907,Como,2704
Comoros,Comoros,23494
Congo,Congo Republic,8040
Connah's Quay Nomads FC,Connah's Quay Nomads,4912
Cook Islands,Cook Islands,23475
Coritiba FBC,Coritiba,1982
Cork City FC,Cork City,40896
Costa Rica,Costa Rica,4756
Coventry City FC,Coventry City,11
CR Flamengo,Flamengo,5981
CR Vasco da Gama,Vasco da Gama,1974
Criciúma EC,Criciúma,1984
Croatia,Croatia,4715
Crusaders FC,Crusaders FC,5180
Cruzeiro EC,Cruzeiro,1954
Crystal Palace FC,Crystal Palace,7
CS Alagoano,CSA,2010
CS Fola Esch,CS Fola Esch,25929
CS Marítimo,CS Marítimo,3007
CS Pandurii Târgu-Jiu,FC Pandurii Lignitul Târgu Jiu,5336
CSF Speranţa Nisporeni,CSF Speranța Nisporeni,43902
CSM Politehnica Iași,ACSM Politehnica Iași,44319
Cuba,Cuba,4824
Cuiabá EC,Cuiabá,49202
Curaçao,Curaçao,55827
Cyprus,Cyprus,4482
Czechia,Czechia,4714
Côte d'Ivoire,Côte d'Ivoire,4768
D.C. United SC,DC United,2502
Debreceni VSC,Debreceni VSC,1921
Denmark,Denmark,4476
Deportivo Alavés,Deportivo Alavés,2885
Deportivo Toluca FC,CD Toluca,1931
Derry City FC,Derry City,3170
Dinamo 1948,FC Dinamo București,3292
Djibouti,Djibouti,8042
Djurgårdens IF FF,Djurgårdens IF,1759
Dominica,Dominica,21812
Dominican Republic,Dominican Republic,21813
Dorados de Sinaloa,Dorados de Sinaloa,5291
DR Congo,DR Congo,4823
Dundalk FC,Dundalk FC,3179
EC Bahia,Bahia,1955
EC Juventude,Juventude,1980
EC Vitória,Vitória,1962
Ecuador,Ecuador,4757
Egypt,Egypt,4758
Eintracht Frankfurt,Eintracht Frankfurt,2674
El Salvador,El Salvador,4825
Elche CF,Elche,2846
Empoli FC,Empoli,2705
England,England,4713
Equatorial Guinea,Equatorial Guinea,8032
Eritrea,Eritrea,8041
Ertis FK,Irtysh Pavlodar,5365
ES Troyes AC,Troyes,1652
Esbjerg fB,Esbjerg FB,1287
Estonia,Estonia,4759
Eswatini,Eswatini,4733
Ethiopia,Ethiopia,8036
ETO FC,ETO FC Győr,1923
Europa FC,Europa FC,126298
Everton FC,Everton,48
F91 Diddeleng,F91 Dudelange,5207
Faroe Islands,Faroe Islands,4760
FC Admira Wacker,Admira Wacker,2050
FC Arouca,FC Arouca,25777
FC Atert Bissen,Atert Bissen,38989
FC Augsburg,FC Augsburg,2600
FC Ballkani,KF Ballkani,230417
FC Baník Ostrava,Baník Ostrava,2204
FC Barcelona,FC Barcelona,2817
FC Basel 1893,Basel,2501
FC Bayern München,FC Bayern München,2672
FC Botoşani,FC Botoșani,24798
FC CFR 1907 Cluj,CFR 1907 Cluj,5287
FC Cincinnati,FC Cincinnati,215167
FC Corvinul 1921 Hunedoara,FC Corvinul Hunedoara,148278
FC DAC 1904 Dunajská Streda,DAC 1904,23833
FC Dacia Chişinău,Dacia Chișinău,5176
FC Dallas,FC Dallas,2512
FC Dinamo-Auto Tiraspol,FC Dinamo-Auto,43904
FC Drita,FC Drita,229755
FC Déifferdeng 03,Differdange FC 03,7605
FC Feronikeli 74,FC Feronikeli 74,229757
FC Flora,Flora Tallinn,3346
FC Girondins de Bordeaux,Bordeaux,1645
FC Groningen,FC Groningen,2951
FC Honka,FC Honka,2260
FC Hradec Králové,FC Hradec Králové,2217
FC Inter Turku,Inter Turku,2247
FC Internazionale Milano,Inter,2697
FC Juárez,FC Juárez,201624
FC Koper,FC Koper,2417
FC København,FC København,1284
FC Lahti,FC Lahti,2249
FC Lorient,Lorient,1656
FC Lugano,FC Lugano,2443
FC Lusitanos,FC Lusitanos,37947
FC Luzern,FC Luzern,2453
FC Metz,Metz,1651
FC Midtjylland,FC Midtjylland,1289
FC Milsami Orhei,FC Milsami Orhei,53475
FC Nantes,Nantes,1647
FC Nordsjælland,FC Nordsjælland,1292
FC Petrocub Hînceşti,FC Petrocub Hîncesti,167232
FC Porto,FC Porto,3002
FC Prishtina,FC Prishtina,229752
FC Progrès Niederkorn,Progrès Niederkorn,36201
FC Red Bull Salzburg,Red Bull Salzburg,2046
FC Santa Coloma,FC Santa Coloma,7711
FC Saxan Gagauz Yeri,Saxan Ceadir Lunga,44854
FC Schalke 04,FC Schalke 04,2530
FC Sfîntul Gheorghe,FC Sfintul Gheorghe,36280
FC Sheriff Tiraspol,Sheriff Tiraspol,5173
FC Shkupi,KF Shkupi,136548
FC Sion,FC Sion,2452
FC Slovan Liberec,FC Slovan Liberec,2219
FC Spartak Trnava,FC Spartak Trnava,2406
FC St. Gallen,FC St. Gallen 1879,2442
FC St. Pauli 1910,FC St. Pauli,2526
FC Struga Trim & Lum,FC Struga Trim & Lum,259121
FC Swift Hesper,Swift Hesperange,5382
FC Thun,FC Thun,2454
FC Twente,FC Twente,2955
FC Universitatea Cluj,FC Universitatea Cluj,7734
FC Utrecht,FC Utrecht,2948
FC Vaduz,FC Vaduz,2463
FC Viitorul Constanţa,FC Viitorul Constanța,37426
FC Viktoria Plzeň,FC Viktoria Plzeň,4502
FC Zimbru Chişinău,FC Zimbru Chişinău,5265
FC Zlín,FC Zlín,2220
FC Zürich,FC Zürich,2450
FCI Levadia,FCI Levadia Tallinn,3342
FCSB,FCSB,3301
FCV Farul Constanţa,FCV Farul Constanța,3294
Fehérvár FC,Videoton FC Fehérvár,1926
Fenerbahçe SK,Fenerbahçe,3052
Ferencvárosi TC,Ferencváros TC,1925
Feyenoord Rotterdam,Feyenoord,2959
FH Hafnarfjörður,FH Hafnarfjörður,1894
Figueirense FC,Figueirense,1985
Fiji,Fiji,8044
Finland,Finland,4712
FK Atlantas Klaipėda,Atlantas Klaipėda,5337
FK Austria Wien,FK Austria Wien,2203
FK BATE Barysaŭ,BATE Borisov,3350
FK Bodø/Glimt,Bodø/Glimt,656
FK Bokelj Kotor,FK Bokelj Kotor,7581
FK Borac Banja Luka,FK Borac Banja Luka,5235
FK Budućnost Podgorica,FK Budućnost Podgorica,5143
FK Crvena zvezda,FK Crvena Zvezda,5149
FK Desna Chernihiv,Desna Chernihiv,25480
FK Dečić Tuzi,FK Dečić Tuzi,6226
FK Dinamo Moskva,Dynamo Moscow,2315
FK Dnipro,Dnipro,3304
FK Dunav Ruse,FK Dunav Ruse,3286
FK Dynama-Brest,Dynamo Brest,3353
FK Dynama-Minsk,Dinamo Minsk,3361
FK Dynamo Kyiv,Dynamo Kyiv,3305
FK Haugesund,Haugesund,673
FK Iskra Danilovgrad,FK Iskra Danilovgrad,37958
FK Jablonec,FK Jablonec,2205
FK Jelgava,FS Jelgava,36081
FK Kauno Žalgiris,FK Kauno Žalgiris,80741
FK Kolos Kovalivka,Kolos Kovalivka,200776
FK Krasnodar,FC Krasnodar,34425
FK Kryvbas Kryvyi Rih,FC Kryvbas Kryvyi Rih,294048
FK Kukësi,FK Kukësi,53064
FK Liepāja,FK Liepaja,146336
FK Lokomotiv Moskva,Lokomotiv Moscow,2320
FK Lovech,FC Lovech Lovech,3282
FK Makedonija Gjorche Petrov,Makedonija Gjorce Petrov,53841
FK Mariupol,Mariupol,3319
FK ML Viciebsk,ML Vitebsk,381792
FK Mladost Lučani,FK Mladost Lučani,7771
FK Mladá Boleslav,Mladá Boleslav,2224
FK Oleksandriya,Oleksandria,25479
FK Olimpik Donetsk,Olimpik Donetsk,43876
FK Olimpik Sarajevo,Olimpik Sarajevo,25836
FK Panevėžys,FK Panevėžys,192763
FK Partizan Beograd,FK Partizan,5152
FK Partizani,FK Partizani,5222
FK Pelister Bitola,FK Pelister Bitola,6079
FK Rabotnichki Skopje,FK Rabotnički Skopje,5212
FK Radnik Bijeljina,FK Radnik Bijeljina,6149
FK Radnički Niš,FK Radnički Niš,25737
FK Riteriai,FK Riteriai,310557
FK Rostov,FC Rostov,2326
FK Rubin Kazan,Rubin Kazan,2333
FK Rudar Pljevlja,FK Rudar Pljevlja,6223
FK Rīga,FK Riga,5939
FK Rīgas Futbola Skola,RFS,68718
FK Sarajevo,FK Sarajevo,5237
FK Shakhtar Donetsk,Shakhtar Donetsk,3313
FK Sileks,FK Sileks Kratovo,5407
FK Sloboda Tuzla,FK Sloboda Tuzla,6247
FK Spartak Moskva,FC Spartak Moscow,2323
FK Spartak Ždrepčeva Krv Subotica,FK Spartak Subotica,36967
FK Spartaks Jūrmala,Spartaks,36085
FK Stumbras Kaunas,Stumbras Kaunas,147564
FK Sutjeska Nikšić,FK Sutjeska Nikšić,6224
FK Sūduva Marijampolė,FK Sūduva Marijampolė,5343
FK Tarpieda-BelAZ Žodzina,Torpedo-BelAZ Zhodino,3359
FK TSC Bačka Topola,FK TSC Bačka Topola,263360
FK Ufa,FC Ufa,74241
FK Vardar Skopje,FK Vardar Skopje,5403
FK Ventspils,FK Ventspils,5354
FK Viciebsk,Vitebsk,3351
FK Vojvodina Novi Sad,FK Vojvodina,5150
FK Vorskla Poltava,Vorskla Poltava,3309
FK Zenit,FC Zenit,2321
FK Zeta Golubovci,FK Zeta Golubovci,6225
FK Zorya Luhansk,Zoria Luhansk,312677
FK Čukarički,FK Čukarički,5148
FK Šachcior Salihorsk,Shakhtyor Soligorsk,3357
FK Žalgiris Vilnius,FK Žalgiris,5345
FK Željezničar Sarajevo,FK Željezničar,5240
Floriana FC,Floriana FC,33584
Fluminense FC,Fluminense,1961
Fortaleza EC,Fortaleza,2020
France,France,4481
Fredrikstad FK,Fredrikstad FK,687
French Guiana,French Guiana,52906
Frosinone Calcio,Frosinone,2801
Fulham FC,Fulham,43
Gabon,Gabon,4761
Galatasaray SK,Galatasaray,3061
Gambia,Gambia,4762
Genoa CFC,Genoa,2713
Georgia,Georgia,4763
Germany,Germany,4711
Getafe CF,Getafe,2859
Ghana,Ghana,4764
Gibraltar,Gibraltar,129264
Girona FC,Girona FC,24264
GKS Piast Gliwice,Piast Gliwice,7918
Glenavon FC,Glenavon,5183
Glentoran FC,Glentoran,5179
GNK Dinamo Zagreb,GNK Dinamo Zagreb,2032
Go Ahead Eagles,Go Ahead Eagles,2979
Goiás EC,Goiás,1960
Granada CF,Granada,33779
Grasshopper Club Zürich,Grasshopper Club Zürich,2449
Greece,Greece,4710
Grenada,Grenada,21814
Grêmio FBPA,Grêmio,5926
Guadeloupe,Guadeloupe,7299
Guam,Guam,23493
Guatemala,Guatemala,5163
Guinea,Guinea,4826
Guinea-Bissau,Guinea-Bissau,23478
Guyana,Guyana,22113
Górnik Zabrze,Górnik Zabrze,3110
Gżira United FC,Gżira United FC,58327
Haiti,Haiti,7229
Hamburger SV,Hamburger SV,2676
Hammarby Fotboll,Hammarby IF,1758
HB,HB Tórshavn,5187
Heart of Midlothian FC,Heart of Midlothian,2353
Hellas Verona FC,Hellas Verona,2701
Helsingin JK,HJK,2242
Heracles Almelo,Heracles Almelo,2977
Hertha BSC,Hertha BSC,2528
Hibernian FC,Hibernian,2354
Hibernians FC,Hibernians,5331
HNK Hajduk Split,HNK Hajduk Split,2036
HNK Rijeka,HNK Rijeka,2039
Holstein Kiel,Holstein Kiel,2573
Honduras,Honduras,4827
Hong Kong SAR,Hong Kong,4765
Houston Dynamo,Houston Dynamo,2508
Hull City AFC,Hull City,96
Hungary,Hungary,4709
HŠK Zrinjski Mostar,HŠK Zrinjski Mostar,5178
Iceland,Iceland,4708
IF Elfsborg,IF Elfsborg,1762
IFK Göteborg,IFK Göteborg,1761
IFK Mariehamn,IFK Mariehamn,5058
IFK Norrköping FK,IFK Norrköping,1769
Ilves Tampere,Ilves,22386
India,India,4828
Indonesia,Indonesia,4829
Inter Club d'Escaldes,Inter Club d'Escaldes,37946
Inter Miami CF,Inter Miami CF,337602
Inverness Caledonian Thistle FC,Inverness Caledonian Thistle,2362
Ipswich Town FC,Ipswich Town,32
IR Iran,Iran,4766
Iraq,Iraq,4767
Israel,Israel,4480
Italy,Italy,4707
Jagiellonia Białystok,Jagiellonia Białystok,7691
Jamaica,Jamaica,4769
Japan,Japan,4770
JK Narva Trans,Narva Trans,3343
JK Sillamäe Kalev,Sillamäe Kalev,8092
Jordan,Jordan,4771
Juventus FC,Juventus,2687
K. Sint-Truidense VV,Sint-Truidense VV,2895
KAA Gent,KAA Gent,2903
Kazakhstan,Kazakhstan,4772
Kenya,Kenya,4773
KF Egnatia Rrogozhinë,KF Egnatia,264619
KF Laçi,KF Laçi,37121
KF Llapi,KF Llapi,229761
KF Renova Djepchishte,FK Renova,5412
KF Shkëndija 79,KF Shkëndija,5413
KF Skënderbeu Korçë,KF Skënderbeu,5224
KF Teuta Durrës,KF Teuta Durrës,5417
KF Tirana,KF Tirana,5195
KF Trepça '89 Mitrovicë,KF Trepça '89,229762
KF Valur,Valur Reykjavík,1899
KGHM Zagłębie Lubin,Zagłębie Lubin,3113
Kilmarnock FC,Kilmarnock,2347
KKS Lech Poznań,Lech Poznań,3121
Konyaspor,Konyaspor,3085
Korea DPR,North Korea,5369
Korea Republic,South Korea,4735
Kosovo,Kosovo,154426
KR Reykjavík,KR Reykjavík,1902
KRC Genk,KRC Genk,2890
KS Luftëtari Gjirokastër,Luftëtari Gjirokastër,37140
Kuopion PS,Kuopion Palloseura,2244
Kuwait,Kuwait,5368
KV Oostende,KV Oostende,4494
Kyrgyz Republic,Kyrgyzstan,7930
KÍ,Klaksvíkar Ítróttarfelag,5194
Kəpəz PFK,Kəpəz PFK,37750
Lao PDR,Laos,23486
Larne FC,Larne FC,5184
LASK Linz,LASK,2058
Latvia,Latvia,4706
Le Havre AC,Le Havre,1662
Le Mans FC,Le Mans,1672
Lebanon,Lebanon,4774
Lechia Gdańsk,KS Lechia Gdańsk,7913
Leeds United FC,Leeds United,34
Legia Warszawa,Legia Warszawa,3106
Leicester City FC,Leicester City,31
Lesotho,Lesotho,8033
Levante UD,Levante UD,2849
Liberia,Liberia,8034
Libya,Libya,4775
Liechtenstein,Liechtenstein,4830
Lille OSC,Lille,1643
Lillestrøm SK,Lillestrøm SK,664
Lincoln Red Imps FC,Lincoln Red Imps,126304
Linfield FC,Linfield,5272
Lithuania,Lithuania,4776
Liverpool FC,Liverpool FC,44
Llandudno FC,Llandudno FC,37086
Los Angeles FC,Los Angeles FC,274650
Los Angeles Galaxy,LA Galaxy,2513
Luxembourg,Luxembourg,4478
Lyngby BK,Lyngby,1756
Macau,Macau,23492
Madagascar,Madagascar,8035
Malawi,Malawi,8043
Malaysia,Malaysia,6912
Maldives,Maldives,6911
Mali,Mali,4831
Malmö FF,Malmö FF,1892
Malta,Malta,4483
Manchester City FC,Manchester City,17
Manchester United FC,Manchester United,35
Martinique,Martinique,45485
Mauritania,Mauritania,4779
Mauritius,Mauritius,4780
Mazatlán FC,Mazatlán FC,1946
Mexico,Mexico,4781
MFK Ružomberok,MFK Ružomberok,2397
MH Beitar Jerusalem,Beitar Jerusalem,5204
MH Hapoel Be'er Sheva,Hapoel Be'er Sheva,5202
MH Hapoel Haifa,Hapoel Haifa,5201
MH Hapoel Ironi Kiryat Shmona,Hapoel Ironi Kiryat Shmona,5399
MH Maccabi Haifa,Maccabi Haifa,5197
MH Maccabi Tel Aviv,Maccabi Tel Aviv,5198
Minnesota United FC,Minnesota United,41618
Mirassol FC,Mirassol,21982
Mjällby AIF,Mjällby AIF,1783
MK Bnei Yehuda Tel Aviv,Bnei Yehuda Tel Aviv,5203
MKS Cracovia,KS Cracovia,4901
Molde FK,Molde FK,661
Moldova,Moldova,4782
Mongolia,Mongolia,23496
Montenegro,Montenegro,7139
Montserrat,Montserrat,21815
Morocco,Morocco,4778
Motherwell FC,Motherwell,2346
Mozambique,Mozambique,4783
MS Maccabi Petah Tikva,Maccabi Petach Tikva,5333
MTK Budapest,MTK Budapest,1915
Myanmar,Myanmar,23484
Málaga CF,Málaga CF,2830
MŠK Žilina,MŠK Žilina,2402
Namibia,Namibia,4832
Nashville SC,Nashville SC,337612
ND Gorica,ND Gorica,2409
NEC,NEC Nijmegen,2962
Neftçi PFK,Neftçi PFK,5215
Nepal,Nepal,23489
Netherlands,Netherlands,4705
New Caledonia,New Caledonia,8045
New England Revolution,New England Revolution,2511
New York City FC,New York City FC,187643
New York Red Bulls,New York Red Bulls,2506
New Zealand,New Zealand,4784
Newcastle United FC,Newcastle United,39
Newtown AFC,Newtown AFC,4918
Nicaragua,Nicaragua,21817
Niger,Niger,8031
Nigeria,Nigeria,4785
NK Aluminij,NK Aluminij Kidričevo,2424
NK Celje,NK Celje,2413
NK Domžale,NK Domžale,2418
NK Lokomotiva Zagreb,NK Lokomotiva Zagreb,36246
NK Maribor,NK Maribor,2420
NK Olimpija Ljubljana,NK Olimpija Ljubljana,2416
NK Osijek,NK Osijek,2040
NK Rudar Velenje,Rudar Velenje,2412
NK Široki Brijeg,NK Široki Brijeg,5239
Noah FA,FC Noah,262228
North Macedonia,North Macedonia,4777
Northern Ireland,Northern Ireland,4786
Norway,Norway,4475
Nottingham Forest FC,Nottingham Forest,14
NSÍ Runavík,NSÍ Runavík,5189
Nõmme Kalju FC,Nõmme Kalju,8091
NŠ Mura,NŠ Mura,213357
Odds BK,Odds BK,659
OFI,OFI Crete,3241
OFK Titograd,OFK Titograd Podgorica,6221
OGC Nice,Nice,1661
Olympiakós SFP,Olympiacos FC,3245
Olympique de Marseille,Olympique de Marseille,1641
Olympique Lyonnais,Olympique Lyonnais,1649
Oman,Oman,4787
Ordabasy FK,FC Ordabasy,5366
Orlando City SC,Orlando City SC,52237
Paderborn,SC Paderborn 07,2561
Paide Linnameeskond,Paide Linnameeskond,32476
Pakistan,Pakistan,6081
Paksi FC,Paksi FC,6059
Palau,Palau,1095999
Palestine,Palestine,4788
Panama,Panama,5164
Panathinaikós AO,Panathinaikos FC,3248
Paniónios GSS,GSS Panionios,3247
PAOK,PAOK,3251
Papua New Guinea,Papua New Guinea,23495
Paraguay,Paraguay,4789
Paraná Clube,Paraná Clube,1965
Paris FC,Paris FC,6070
Paris Saint-Germain FC,Paris Saint-Germain,1644
Parma Calcio 1913,Parma,2690
PAS Giánnina,PAS Giannina,6349
Peru,Peru,4790
PFK Arsenal Tula,Arsenal Tula,35301
PFK Beroe Stara Zagora,Beroe Stara Zagora,3281
PFK Botev Plovdiv,Botev Plovdiv,5241
PFK Cherno More Varna,Cherno More Varna,3280
PFK CSKA Moskva,CSKA Moscow,2325
PFK CSKA Sofia,CSKA Sofia,3275
PFK Levski Sofia,Levski Sofia,3273
PFK Lokomotiv Plovdiv,Lokomotiv Plovdiv,3272
PFK Ludogorets 1945 Razgrad,Ludogorets,43840
PFK Neftchi,Neftçi PFK,5215
PFK Slavia Sofia,Slavia Sofia,3274
Philadelphia Union,Philadelphia Union,39833
Philippines,Philippines,4791
Pisa SC,Pisa,2737
Poland,Poland,4703
Portland Timbers,Portland Timbers,22007
Portugal,Portugal,4704
PSV,PSV Eindhoven,2952
Puerto Rico,Puerto Rico,21818
Pumas de la UNAM,Pumas UNAM,1933
Puskás Akadémia FC,Puskás Akadémia,25596
Pyunik FA,Pyunik Yerevan,5214
Páfos FC,Pafos FC,171626
Qairat FK,FC Kairat Almaty,5172
Qaisar FK,FC Kaysar,36142
Qarabağ Ağdam FK,Qarabağ FK,5962
Qatar,Qatar,4792
Querétaro FC,Querétaro FC,1951
Qəbələ İK,Qəbələ FK,36952
Racing Club de Lens,RC Lens,1648
Racing FC Union Lëtzebuerg,Racing FC Union Luxembourg,5261
Rams Başakşehir FK,Başakşehir FK,3086
Randers FC,Randers FC,1301
Rangers FC,Rangers,2351
Rayo Vallecano de Madrid,Rayo Vallecano,2818
RB Leipzig,RB Leipzig,36360
RC Celta de Vigo,Celta Vigo,2821
RC Deportivo A Coruña,Deportivo de A Coruña,2832
RC Strasbourg Alsace,RC Strasbourg,1659
RCD Espanyol de Barcelona,Espanyol,2814
RCD Mallorca,Mallorca,2826
Real Betis Balompié,Real Betis,2816
Real Madrid CF,Real Madrid,2829
Real Oviedo,Real Oviedo,2851
Real Racing Club,Real Racing Club,2835
Real Salt Lake,Real Salt Lake,5133
Real Sociedad de Fútbol,Real Sociedad,2824
Real Valladolid CF,Real Valladolid,2831
Red Bull Bragantino,Red Bull Bragantino,1999
Republic of Ireland,Ireland,4693
Rio Ave FC,Rio Ave,3036
RKS Raków Częstochowa,Raków Częstochowa,35268
Romania,Romania,4477
Rosenborg BK,Rosenborg BK,1161
Rovaniemen PS,RoPS,2250
Royal Antwerp FC,Royal Antwerp FC,2889
Royal Standard de Liège,Standard Liège,2901
RSC Anderlecht,RSC Anderlecht,2900
RU Saint-Gilloise,Royale Union Saint-Gilloise,4860
Russia,Russia,4694
Rwanda,Rwanda,8037
RZ Pellets Wolfsberger AC,Wolfsberger AC,2076
Réunion,Réunion,1122207
Rīga FC,Riga FC,162368
Sabah FK,Sabah FK,267828
Saint-Martin,Saint Martin,33812
Samoa,Samoa,23473
Samsunspor,Samsunspor,3053
San Diego FC,San Diego FC,1043961
San Jose Earthquakes,San Jose Earthquakes,21825
San Marino,San Marino,4833
Santa Cruz FC,Santa Cruz,1976
Santos FC,Santos,1968
Sarpsborg 08 FF,Sarpsborg 08,822
Saudi Arabia,Saudi Arabia,4834
SBV Vitesse,Vitesse,2958
SC Braga,Sporting Braga,2999
SC Corinthians Paulista,Corinthians,1957
SC Freiburg,SC Freiburg,2538
SC Gjilani,SC Gjilani,229758
SC Internacional,Internacional,1966
SC Paderborn 07,SC Paderborn 07,2561
SC Recife,Sport Recife,1959
SC Rheindorf Altach,SCR Altach,4856
SC União Torreense,Torreense,25787
Scotland,Scotland,4695
SE Palmeiras,Palmeiras,1963
Seattle Sounders FC,Seattle Sounders FC,22009
Seinäjoen JK,SJK,22395
Senegal,Senegal,4739
Serbia,Serbia,6355
Servette FC,Servette FC,2448
Sevilla FC,Sevilla,2833
Seychelles,Seychelles,8038
Shamrock Rovers FC,Shamrock Rovers,3177
Shelbourne FC,Shelbourne,3174
Shirak FA,FC Shirak Gyumri,33817
Sierra Leone,Sierra Leone,4737
Silkeborg IF,Silkeborg IF,1285
Sincan Belediyesi Ankaraspor,Ankaraspor,3057
Singapore,Singapore,4738
Sint Maarten,Sint Maarten,298263
Sirens FC,Sirens FC,80811
Sivasspor,Sivasspor,3076
SK Brann,SK Brann,1159
SK Chikhura Sachkhere,Chikhura Sachkhere,37296
SK Dila Gori,FC Dila Gori,33819
SK Dinamo Batumi,Dinamo Batumi,37297
SK Dinamo Tbilisi,Dinamo Tbilisi,5171
SK Dnipro-1,SC Dnipro-1,258537
SK Iberia 1999,FC Iberia 1999,116312
SK Lokomotivi Tbilisi,FC Locomotive Tbilisi,5170
SK Puntigamer Sturm Graz,SK Sturm Graz,2051
SK Rapid Wien,SK Rapid Wien,2055
SK Samtredia,FC Samtredia,36866
SK Sigma Olomouc,SK Sigma Olomouc,2207
SK Slavia Praha,SK Slavia Praha,2216
SK Torpedo Kutaisi,FC Torpedo Kutaisi,5419
SK Tskhinvali,FK Tskhinvali,36867
Skonto FC Rīga,Skonto Riga,5213
Slovakia,Slovakia,4697
Slovenia,Slovenia,4484
Solomon Islands,Solomon Islands,23471
Somalia,Somalia,23472
South Africa,South Africa,4736
South Sudan,South Sudan,88508
Southampton FC,Southampton,45
SP La Fiorita,La Fiorita,37860
SP Tre Penne,SP Tre Penne,37862
Spain,Spain,4698
Sport Lisboa e Benfica,Benfica,3006
Sporting CP,Sporting CP,3001
Sporting du Pays de Charleroi,RC Sporting Charleroi,2898
Sporting Kansas City,Sporting Kansas City,2509
Sri Lanka,Sri Lanka,23487
SS Folgore/Falciano,SS Folgore / Falciano,37863
SS Lazio,Lazio,2699
SSC Napoli,SSC Napoli,2714
St Johnstone FC,St. Johnstone,2348
St Joseph's FC,St Joseph's FC,126312
St Patrick's Athletic FC,St. Patrick's Athletic,3169
St. Kitts and Nevis,Saint Kitts and Nevis,21819
St. Louis City SC,St.Louis City,407803
St. Lucia,Saint Lucia,21820
St. Vincent and the Grenadines,Saint Vincent and the Grenadines,21821
Stabæk Fotball,Stabæk Fotball,1162
Stade Brestois 29,Stade Brestois,1715
Stade de Reims,Stade de Reims,1682
Stade Rennais FC 1901,Stade Rennais,1658
Strømsgodset IF,Strømsgodset,1163
Sudan,Sudan,4734
Sumqayıt FK,Sumqayıt FK,44497
Sunderland AFC,Sunderland,41
Suriname,Suriname,21822
SV 07 Elversberg,SV 07 Elversberg,2598
SV Werder Bremen,SV Werder Bremen,2534
SV Zulte-Waregem,SV Zulte Waregem,2933
Sweden,Sweden,4688
Switzerland,Switzerland,4699
Syria,Syria,4731
São Paulo FC,São Paulo,1981
São Tomé e Príncipe,São Tomé and Príncipe,33813
Sønderjyske Fodbold,Sønderjyske Fodbold,1295
Səbail FK,Səbail FK,231384
Tahiti,Tahiti,23477
Tajikistan,Tajikistan,23488
Tanzania,Tanzania,4835
Thailand,Thailand,4730
The New Saints FC,The New Saints,4921
Tigres de la UANL,Tigres UANL,1940
Timor-Leste,East Timor,23497
TJ Spartak Myjava,Spartak Myjava,37112
Tobyl FK,FC Tobyl,5362
Togo,Togo,4836
Tonga,Tonga,23474
Torino FC,Torino,2696
Toronto FC,Toronto FC,7080
Tottenham Hotspur FC,Tottenham Hotspur,33
Toulouse FC,Toulouse,1681
Trabzonspor,Trabzonspor,3051
Tre Fiori FC,SP Tre Fiori,36195
Trinidad and Tobago,Trinidad and Tobago,5162
Tromsø IL,Tromsø IL,660
TSG 1899 Hoffenheim,TSG Hoffenheim,2569
TSV Egger Glas Hartberg,TSV Hartberg,2075
Tunisia,Tunisia,4729
Turkmenistan,Turkmenistan,4728
Turks and Caicos Islands,Turks and Caicos Islands,21823
Tuvalu,Tuvalu,287364
Türkiye,Türkiye,4700
UC Sampdoria,Sampdoria,2711
UD Las Palmas,UD Las Palmas,6577
Udinese Calcio,Udinese,2695
UE Engordany,UE Engordany,37948
UE Sant Julià,UE Sant Julià,7607
UE Santa Coloma,UE Santa Coloma,37949
Uganda,Uganda,4726
Ukraine,Ukraine,4701
Ulisses FC,FC Ulisses Yerevan,36058
UMF Breiðablik,Breidablik Kópavogur,1901
UMF Stjarnan,Stjarnan Garðabær,1912
Union Titus Pétange,Union Titus Petange,5378
United Arab Emirates,United Arab Emirates,4727
United States,USA,4724
Universitatea Craiova CS,Universitatea Craiova,116223
University College Dublin FC,University College Dublin,3168
Urartu FA,Urartu,5225
Uruguay,Uruguay,4725
US Cremonese,Cremonese,2761
US Lecce,Lecce,2689
US Sassuolo Calcio,Sassuolo,2793
US Virgin Islands,US Virgin Islands,21803
Uzbekistan,Uzbekistan,4723
Vaasan PS,VPS,2246
Valencia CF,Valencia,2828
Valletta FC,Valletta FC,5332
Valmiera FC,Valmiera FC,5353
Vancouver Whitecaps FC,Vancouver Whitecaps,22010
Vanuatu,Vanuatu,8046
Vasas FC,Vasas,1919
Venezia FC,Venezia,2688
Venezuela,Venezuela,4722
VfB Stuttgart,VfB Stuttgart,2677
VfL Bochum,VfL Bochum 1848,2542
VfL Wolfsburg,VfL Wolfsburg,2524
Vietnam,Vietnam,7050
Viking FK,Viking FK,1164
Villarreal CF,Villarreal,2819
Vitória SC,Vitória SC,3009
Wales,Wales,4702
West Ham United FC,West Ham United,37
Willem II Tilburg,Willem II Tilburg,2961
Wisła Kraków,Wisła Kraków,3111
WKS Śląsk Wrocław,Śląsk Wrocław,3108
Wolverhampton Wanderers FC,Wolverhampton,3
Yemen,Yemen,4721
Yeni Malatyaspor,Yeni Malatyaspor,24759
Zambia,Zambia,4720
Zanzibar,Zanzibar,274048
Zimbabwe,Zimbabwe,4719
Zirə FK,Zirə FK,173406
Áris Lemesoú,Aris Limassol,3397
ÍB Vestmannaeyja,ÍBV Vestmannaeyjar,1895
ÍF Vestri,IF Vestri,221305
Östersunds FK,Östersunds FK,1836
Újpest FC,Újpest,1924
Ħamrun Spartans FC,Ħamrun Spartans FC,33583
Şamaxı FK,Şamaxı FK,24036
ŠK Slovan Bratislava,ŠK Slovan Bratislava,2404
